latitude,longitude,brightness,scan,track,acq_date,acq_time,satellite,instrument,confidence,version,bright_t31,frp,daynight
50.44793,3.00667,321.15,1.47,1.2,2025-07-01,1011,Terra,MODIS,67,6.1NRT,303.62,15.17,D
49.94954,2.22162,320.04,1.4,1.17,2025-07-01,1013,Terra,MODIS,68,6.1NRT,304.56,14.51,D
44.72752,-0.8171,323.74,1.33,1.14,2025-07-01,1013,Terra,MODIS,74,6.1NRT,306.33,21.3,D
48.82683,2.71884,318.18,1.57,1.24,2025-07-01,1013,Terra,MODIS,37,6.1NRT,305.41,15.34,D
44.71225,-0.73644,319.89,1.35,1.15,2025-07-01,1013,Terra,MODIS,43,6.1NRT,305.26,14.27,D
44.72448,-0.80102,315.22,1.34,1.15,2025-07-01,1013,Terra,MODIS,30,6.1NRT,303.08,8.59,D
49.23432,1.18028,315.72,1.31,1.14,2025-07-01,1013,Terra,MODIS,11,6.1NRT,303.24,9.03,D
42.58474,2.95649,324.27,1.01,1,2025-07-01,1359,Aqua,MODIS,54,6.1NRT,310.47,5.86,D
44.00923,4.7482,339.67,1.04,1.02,2025-07-01,1359,Aqua,MODIS,76,6.1NRT,317.18,25.79,D
44.00757,4.73568,352.65,1.04,1.02,2025-07-01,1359,Aqua,MODIS,83,6.1NRT,319.96,52.62,D
43.6002,1.20996,324.55,1.07,1.03,2025-07-01,1359,Aqua,MODIS,46,6.1NRT,309.78,9.98,D
46.63271,0.67589,325.34,1.03,1.01,2025-07-01,1359,Aqua,MODIS,62,6.1NRT,311.6,7.38,D
49.75492,1.52992,317.97,1,1,2025-07-01,1401,Aqua,MODIS,57,6.1NRT,303.21,7.23,D
49.11991,-0.25477,321.86,1.03,1.01,2025-07-01,1401,Aqua,MODIS,70,6.1NRT,301.34,9.71,D
51.03976,2.28672,300.8,1.13,1.06,2025-07-02,0332,Aqua,MODIS,34,6.1NRT,289.91,4.94,N
46.71065,3.62488,316.53,3.62,1.78,2025-07-02,1301,Aqua,MODIS,31,6.1NRT,300.05,29.43,D
46.71587,3.62609,318.58,3.62,1.78,2025-07-02,1301,Aqua,MODIS,56,6.1NRT,302.74,38.83,D
47.19653,5.73495,306.52,1,1,2025-07-02,2021,Terra,MODIS,68,6.1NRT,294.42,4.78,N
43.45276,4.90762,304.4,1.54,1.22,2025-07-03,0234,Aqua,MODIS,45,6.1NRT,292.22,9.04,N
50.44851,3.00337,311.07,1.03,1.01,2025-07-03,0954,Terra,MODIS,47,6.1NRT,297.55,5.58,D
49.23891,6.22696,316.13,1.34,1.15,2025-07-03,0954,Terra,MODIS,70,6.1NRT,302.94,13.96,D
49.17022,5.98245,311.94,1.32,1.14,2025-07-03,0954,Terra,MODIS,53,6.1NRT,300.43,8.97,D
47.7225,1.50852,314.99,1.02,1.01,2025-07-03,0954,Terra,MODIS,60,6.1NRT,303.17,5.92,D
43.45029,3.50638,319.86,4.68,1.98,2025-07-04,1034,Terra,MODIS,70,6.1NRT,294.61,87.85,D
43.45073,3.51455,315.75,4.68,1.98,2025-07-04,1034,Terra,MODIS,65,6.1NRT,294.26,50.83,D
43.44481,3.49141,328.83,1.33,1.14,2025-07-04,1416,Aqua,MODIS,75,6.1NRT,307.01,17.84,D
51.04166,2.28953,305.93,1.51,1.21,2025-07-04,2004,Terra,MODIS,66,6.1NRT,289.14,14.11,N
43.35999,5.25491,333.79,2.94,1.63,2025-07-05,0213,Aqua,MODIS,100,6.1NRT,292.95,157.89,N
43.36112,5.26319,328.15,2.94,1.63,2025-07-05,0213,Aqua,MODIS,100,6.1NRT,293.23,123.42,N
48.15528,5.34294,317.53,1,1,2025-07-05,0934,Terra,MODIS,73,6.1NRT,297.42,11.53,D
47.77565,7.4323,320.6,1.07,1.03,2025-07-05,0934,Terra,MODIS,60,6.1NRT,309.46,14,D
43.44291,4.90157,321.41,1.03,1.01,2025-07-05,0937,Terra,MODIS,41,6.1NRT,307.81,6.68,D
43.51988,3.77653,322.83,2.57,1.54,2025-07-05,1318,Aqua,MODIS,71,6.1NRT,300.86,35.4,D
47.41006,2.38696,343.28,2.32,1.47,2025-07-05,1318,Aqua,MODIS,92,6.1NRT,293.79,159.26,D
43.51271,3.74683,334.53,2.58,1.54,2025-07-05,1318,Aqua,MODIS,86,6.1NRT,302.45,93.77,D
43.44999,4.90377,304,1.03,1.01,2025-07-06,0251,Aqua,MODIS,58,6.1NRT,290.03,6.04,N
43.44326,6.73091,336.65,1.04,1.02,2025-07-07,0917,Terra,MODIS,88,6.1NRT,305.71,29.78,D
43.14251,2.91175,325.35,2.17,1.43,2025-07-07,1435,Aqua,MODIS,79,6.1NRT,300.86,40.79,D
43.11748,2.9501,410.5,2.18,1.43,2025-07-07,1435,Aqua,MODIS,0,6.1NRT,299.94,963.38,D
43.11541,2.92262,451.23,2.17,1.43,2025-07-07,1435,Aqua,MODIS,94,6.1NRT,317.25,2219.48,D
43.13004,2.94769,364.61,2.18,1.43,2025-07-07,1435,Aqua,MODIS,82,6.1NRT,300.53,269.49,D
43.12794,2.92007,459.23,2.17,1.43,2025-07-07,1435,Aqua,MODIS,100,6.1NRT,322.51,2561.87,D
43.14059,2.91911,322.06,2.17,1.43,2025-07-07,1435,Aqua,MODIS,61,6.1NRT,300.3,27.42,D
43.13172,2.93919,390.39,2.18,1.43,2025-07-07,1435,Aqua,MODIS,94,6.1NRT,303.36,587.74,D
43.12984,2.91245,424.83,2.17,1.43,2025-07-07,1435,Aqua,MODIS,100,6.1NRT,321.35,1320.48,D
43.13063,2.95228,358.32,1.24,1.11,2025-07-07,2021,Terra,MODIS,100,6.1NRT,296.07,109.57,N
43.13772,2.93504,326.53,1.25,1.11,2025-07-07,2021,Terra,MODIS,86,6.1NRT,291.8,31.52,N
43.11586,2.92646,309.69,1.25,1.11,2025-07-07,2021,Terra,MODIS,32,6.1NRT,290.16,11.19,N
43.14027,2.94937,340.55,1.24,1.11,2025-07-07,2021,Terra,MODIS,100,6.1NRT,292.93,58.15,N
43.44864,4.89982,306.74,1.06,1.03,2025-07-07,2021,Terra,MODIS,69,6.1NRT,293.06,7.17,N
43.12365,2.97011,355.17,1.24,1.11,2025-07-07,2021,Terra,MODIS,100,6.1NRT,294.35,98.93,N
51.03915,2.28993,302.64,1.03,1.02,2025-07-07,2023,Terra,MODIS,50,6.1NRT,285.84,6.95,N
49.1729,5.98377,303.83,1.35,1.15,2025-07-08,0954,Terra,MODIS,45,6.1NRT,288.2,8.28,D
43.4041,5.31945,313.74,1.72,1.29,2025-07-08,0956,Terra,MODIS,65,6.1NRT,298.46,14.47,D
43.39322,5.31463,381.64,1.72,1.29,2025-07-08,0956,Terra,MODIS,100,6.1NRT,301.16,342.18,D
43.38897,5.33502,311.91,1.73,1.29,2025-07-08,0956,Terra,MODIS,35,6.1NRT,297.69,11.34,D
42.64874,2.71659,312.61,1.32,1.14,2025-07-08,0956,Terra,MODIS,51,6.1NRT,301.53,7.38,D
43.40813,5.30004,315.46,1.72,1.29,2025-07-08,0956,Terra,MODIS,69,6.1NRT,299.48,17.17,D
43.39724,5.2953,363.37,1.72,1.29,2025-07-08,0956,Terra,MODIS,100,6.1NRT,300.09,197.44,D
43.9009,3.58501,341.34,1.46,1.19,2025-07-08,1338,Aqua,MODIS,91,6.1NRT,304.17,70.24,D
47.85016,3.95544,307.19,1.17,1.08,2025-07-08,1338,Aqua,MODIS,46,6.1NRT,291.68,6.03,D
46.05262,0.82664,314.63,1.79,1.31,2025-07-08,1338,Aqua,MODIS,64,6.1NRT,302.94,14.72,D
45.71865,5.07468,315.83,1.16,1.07,2025-07-08,1338,Aqua,MODIS,49,6.1NRT,298.85,11.5,D
43.33668,5.4,333.14,1.24,1.1,2025-07-08,1338,Aqua,MODIS,85,6.1NRT,305.89,32.03,D
43.39475,5.31178,341.57,1.24,1.11,2025-07-08,1338,Aqua,MODIS,91,6.1NRT,306.09,50.43,D
43.39204,5.29701,343.31,1.24,1.11,2025-07-08,1338,Aqua,MODIS,92,6.1NRT,308.07,54.65,D
43.75232,4.43222,318.79,1.34,1.15,2025-07-08,1338,Aqua,MODIS,68,6.1NRT,305.94,9.55,D
43.89738,3.56731,318.64,1.46,1.2,2025-07-08,1338,Aqua,MODIS,32,6.1NRT,303.96,17.28,D
49.12483,2.78513,310.29,1.23,1.1,2025-07-08,1340,Aqua,MODIS,65,6.1NRT,295.1,9.83,D
48.64808,2.55345,309.61,1.28,1.12,2025-07-08,1340,Aqua,MODIS,36,6.1NRT,293.23,9.25,D
48.73686,2.78977,309.13,1.25,1.11,2025-07-08,1340,Aqua,MODIS,56,6.1NRT,295.92,8.91,D
43.38187,5.2961,303.44,2.12,1.41,2025-07-08,2101,Terra,MODIS,55,6.1NRT,291.15,15.75,N
45.75334,0.36384,325.98,1.04,1.02,2025-07-09,1416,Aqua,MODIS,74,6.1NRT,309.81,11.65,D
47.63844,-2.78574,300.73,2.97,1.64,2025-07-09,2142,Terra,MODIS,33,6.1NRT,288.96,24.59,N
47.77615,7.43492,313.64,1.09,1.04,2025-07-10,0934,Terra,MODIS,67,6.1NRT,301.17,10.43,D
48.88425,6.0533,312.59,1.01,1,2025-07-10,0934,Terra,MODIS,48,6.1NRT,299.11,7.11,D
43.44614,4.899,326.57,1.04,1.02,2025-07-10,0937,Terra,MODIS,60,6.1NRT,308.87,15.82,D
48.44151,-4.44066,312.76,4.11,1.88,2025-07-10,1115,Terra,MODIS,51,6.1NRT,296.89,53.77,D
47.2067,-1.42351,312.82,4.03,1.86,2025-07-10,1316,Aqua,MODIS,53,6.1NRT,299.28,34.48,D
43.75191,6.0169,318.59,2.08,1.4,2025-07-10,1316,Aqua,MODIS,74,6.1NRT,305.11,25.53,D
43.76936,6.03639,331.89,2.07,1.4,2025-07-10,1316,Aqua,MODIS,86,6.1NRT,300.55,67.77,D
43.76379,6.01197,359.08,2.08,1.4,2025-07-10,1316,Aqua,MODIS,99,6.1NRT,305.36,221.38,D
48.09359,7.36884,318.11,1.37,1.16,2025-07-10,1316,Aqua,MODIS,50,6.1NRT,304.48,12.63,D
47.30115,2.34557,314.58,2.56,1.54,2025-07-10,1316,Aqua,MODIS,64,6.1NRT,299.95,33.28,D
44.61036,4.25388,307.81,1.12,1.05,2025-07-10,2042,Terra,MODIS,73,6.1NRT,291.19,9.63,N
43.44737,4.90378,308.04,1.07,1.03,2025-07-11,0249,Aqua,MODIS,73,6.1NRT,290.38,10.26,N
49.4798,0.29863,318.13,1.26,1.12,2025-07-11,1013,Terra,MODIS,54,6.1NRT,303.89,12.92,D
49.94497,2.22636,314,1.48,1.2,2025-07-11,1013,Terra,MODIS,64,6.1NRT,297.8,11.9,D
50.34878,3.04089,311.19,1.58,1.24,2025-07-11,1013,Terra,MODIS,40,6.1NRT,294.74,9.79,D
49.47358,0.33174,316.71,1.27,1.12,2025-07-11,1013,Terra,MODIS,48,6.1NRT,303.29,10.71,D
50.20839,1.71691,310.82,1.39,1.17,2025-07-11,1013,Terra,MODIS,58,6.1NRT,295.33,8.37,D
47.54379,1.62728,315.76,1.6,1.25,2025-07-11,1015,Terra,MODIS,64,6.1NRT,298.32,18.66,D
47.09407,3.04457,332.81,1,1,2025-07-11,1355,Aqua,MODIS,62,6.1NRT,309.01,20.66,D
44.26025,-0.35717,334.98,1.35,1.15,2025-07-11,1355,Aqua,MODIS,84,6.1NRT,307.7,41.11,D
44.25716,-0.37322,360.77,1.35,1.15,2025-07-11,1355,Aqua,MODIS,100,6.1NRT,312.54,122.68,D
44.70615,-0.75708,321.23,1.38,1.16,2025-07-11,1355,Aqua,MODIS,46,6.1NRT,310.95,14.14,D
45.75069,3.21467,325.32,1.01,1,2025-07-11,1355,Aqua,MODIS,73,6.1NRT,306.38,10.41,D
45.75595,1.24333,333.33,1.1,1.05,2025-07-11,1355,Aqua,MODIS,83,6.1NRT,309.12,24.42,D
45.71302,0.11874,330.8,1.21,1.09,2025-07-11,1355,Aqua,MODIS,79,6.1NRT,310.86,20.98,D
45.71028,0.10399,331.4,1.21,1.09,2025-07-11,1355,Aqua,MODIS,80,6.1NRT,311.09,21.78,D
46.12128,1.13115,321.41,1.1,1.05,2025-07-11,1355,Aqua,MODIS,60,6.1NRT,309.49,8.59,D
46.11893,1.11755,322.52,1.1,1.05,2025-07-11,1355,Aqua,MODIS,63,6.1NRT,308.59,9.68,D
46.19656,0.27065,323.91,1.17,1.08,2025-07-11,1355,Aqua,MODIS,66,6.1NRT,309.41,12.75,D
46.43364,1.31587,324.81,1.08,1.04,2025-07-11,1355,Aqua,MODIS,69,6.1NRT,308.93,11.94,D
46.60393,0.50344,349.43,1.13,1.06,2025-07-11,1355,Aqua,MODIS,94,6.1NRT,307.64,61.2,D
46.60145,0.48935,325.59,1.13,1.06,2025-07-11,1355,Aqua,MODIS,62,6.1NRT,306.53,16.26,D
49.34726,1.74609,316.73,1.01,1,2025-07-11,1357,Aqua,MODIS,47,6.1NRT,300.7,6.95,D
47.83939,0.81514,342.8,1.07,1.03,2025-07-11,1357,Aqua,MODIS,90,6.1NRT,305.72,41.01,D
47.6737,-1.87022,323.78,1.33,1.14,2025-07-11,1357,Aqua,MODIS,68,6.1NRT,306.21,15.03,D
49.34066,1.76253,320.75,1.01,1,2025-07-11,1357,Aqua,MODIS,71,6.1NRT,298.67,10.83,D
47.25273,0.6781,320.02,1.1,1.04,2025-07-11,1357,Aqua,MODIS,64,6.1NRT,306.71,9.15,D
48.04209,3.2218,351.14,1,1,2025-07-11,1357,Aqua,MODIS,95,6.1NRT,304.29,55.4,D
49.3386,1.74928,372.02,1.01,1,2025-07-11,1357,Aqua,MODIS,100,6.1NRT,303.05,116.89,D
44.66846,-0.73512,310.45,1.69,1.28,2025-07-12,2023,Terra,MODIS,71,6.1NRT,290.39,21.49,N
49.2457,3.09075,316.93,1.09,1.04,2025-07-13,0954,Terra,MODIS,53,6.1NRT,303.27,11.58,D
49.23589,6.21772,317.77,1.42,1.18,2025-07-13,0954,Terra,MODIS,57,6.1NRT,305.39,14.16,D
51.02727,2.27361,314.93,1.02,1.01,2025-07-13,0954,Terra,MODIS,64,6.1NRT,295.38,7.8,D
49.95108,2.22092,314.13,1.03,1.01,2025-07-13,0954,Terra,MODIS,43,6.1NRT,301.7,5.15,D
48.72549,2.83732,314.87,1.09,1.04,2025-07-13,0954,Terra,MODIS,47,6.1NRT,303.02,7.47,D
49.06632,2.59564,313.73,1.07,1.03,2025-07-13,0954,Terra,MODIS,45,6.1NRT,301.76,6.44,D
49.16974,5.97557,318.73,1.39,1.17,2025-07-13,0954,Terra,MODIS,69,6.1NRT,304.55,13.82,D
47.62169,6.13632,319.14,1.54,1.22,2025-07-13,0954,Terra,MODIS,47,6.1NRT,302.08,19.14,D
42.65503,2.71265,314.97,1.36,1.15,2025-07-13,0956,Terra,MODIS,73,6.1NRT,296.81,12.49,D
43.92043,3.03489,309.09,1.33,1.14,2025-07-13,0956,Terra,MODIS,41,6.1NRT,293.09,9.37,D
43.8445,4.92419,317.37,1.37,1.16,2025-07-13,1333,Aqua,MODIS,63,6.1NRT,301.82,7.94,D
49.12337,2.78707,320.83,1.31,1.14,2025-07-13,1336,Aqua,MODIS,68,6.1NRT,305.36,11.81,D
45.63913,5.1163,326.47,1.24,1.1,2025-07-13,1336,Aqua,MODIS,42,6.1NRT,311.6,15.3,D
45.71691,5.07976,326.35,1.24,1.1,2025-07-13,1336,Aqua,MODIS,66,6.1NRT,310.35,12.39,D
45.71408,5.06465,324.72,1.24,1.11,2025-07-13,1336,Aqua,MODIS,52,6.1NRT,308.63,9.9,D
46.00055,5.03407,313.69,1.23,1.1,2025-07-13,1336,Aqua,MODIS,51,6.1NRT,298.43,5.21,D
48.73298,2.7851,317.51,1.34,1.15,2025-07-13,1336,Aqua,MODIS,52,6.1NRT,304.52,12.3,D
48.97942,1.8606,324.14,1.45,1.19,2025-07-13,1336,Aqua,MODIS,49,6.1NRT,308.59,19.35,D
49.23523,3.09425,326.92,1.27,1.12,2025-07-13,1336,Aqua,MODIS,72,6.1NRT,304.09,27.06,D
49.2447,3.08984,322.14,1.27,1.12,2025-07-13,1336,Aqua,MODIS,67,6.1NRT,305.06,20.17,D
49.6575,3.66538,320.41,1.19,1.08,2025-07-13,1338,Aqua,MODIS,65,6.1NRT,305.24,9.47,D
50.44193,3.00789,318.69,1.21,1.09,2025-07-13,1338,Aqua,MODIS,62,6.1NRT,303.48,9.74,D
49.18035,4.72112,309.23,1.25,1.11,2025-07-14,2004,Terra,MODIS,77,6.1NRT,281.53,14.99,N
45.45472,1.0337,321.93,3.78,1.82,2025-07-15,1314,Aqua,MODIS,78,6.1NRT,294.95,96.42,D
45.4628,1.02507,323.99,3.78,1.82,2025-07-15,1314,Aqua,MODIS,80,6.1NRT,293.21,117.52,D
44.72046,-0.80451,312.52,1.46,1.2,2025-07-16,1017,Terra,MODIS,53,6.1NRT,301.39,10.68,D
44.72388,-0.82204,313.81,1.46,1.19,2025-07-16,1017,Terra,MODIS,63,6.1NRT,302.18,13.16,D
44.71011,-0.75171,315.96,1.47,1.2,2025-07-16,1017,Terra,MODIS,61,6.1NRT,302.07,15.2,D
44.70432,-0.75578,318.63,1.49,1.21,2025-07-16,1353,Aqua,MODIS,57,6.1NRT,307.78,15.51,D
43.44179,4.89572,330.65,1.01,1,2025-07-16,1353,Aqua,MODIS,0,6.1NRT,312.09,16.48,D
46.35832,0.38078,340.3,1.23,1.1,2025-07-16,1355,Aqua,MODIS,88,6.1NRT,305.27,44.06,D
49.94477,2.22236,312.94,1.01,1,2025-07-16,1355,Aqua,MODIS,64,6.1NRT,297.69,6.45,D
50.44563,3.00862,312.71,1,1,2025-07-16,1355,Aqua,MODIS,49,6.1NRT,299.09,4.31,D
46.3611,0.3959,345.54,1.22,1.1,2025-07-16,1355,Aqua,MODIS,92,6.1NRT,302.35,57.37,D
45.02128,-0.47487,301.28,1.01,1.01,2025-07-17,0325,Aqua,MODIS,40,6.1NRT,284.9,6.78,N
43.45035,4.90884,309.45,1.73,1.29,2025-07-17,0328,Aqua,MODIS,77,6.1NRT,294.2,17.93,N
48.00565,-2.27843,398.14,1.17,1.08,2025-07-17,1431,Aqua,MODIS,100,6.1NRT,314.84,291.81,D
43.4411,4.89825,309.36,1.03,1.01,2025-07-17,2023,Terra,MODIS,76,6.1NRT,299.02,6,N
43.39323,5.0727,327.73,1.02,1.01,2025-07-17,2023,Terra,MODIS,100,6.1NRT,300.73,23.71,N
43.37563,5.07788,315.86,1.02,1.01,2025-07-17,2023,Terra,MODIS,92,6.1NRT,300.19,11.02,N
43.44994,4.89566,316.59,1.03,1.01,2025-07-17,2023,Terra,MODIS,93,6.1NRT,298.66,11.79,N
43.37375,5.06556,328.58,1.02,1.01,2025-07-17,2023,Terra,MODIS,100,6.1NRT,300.19,24.48,N
43.38631,5.08764,318.09,1.02,1.01,2025-07-17,2023,Terra,MODIS,96,6.1NRT,299.04,13,N
43.39509,5.08491,310.45,1.02,1.01,2025-07-17,2023,Terra,MODIS,79,6.1NRT,298.48,6.61,N
43.38258,5.06307,324.3,1.02,1.01,2025-07-17,2023,Terra,MODIS,100,6.1NRT,299.69,19.27,N
43.38445,5.07538,345.18,1.02,1.01,2025-07-17,2023,Terra,MODIS,100,6.1NRT,302.39,51.03,N
43.38548,5.09145,306,1.98,1.37,2025-07-18,0226,Aqua,MODIS,66,6.1NRT,293.65,16.86,N
43.34604,3.1316,318.44,1.42,1.18,2025-07-18,0956,Terra,MODIS,71,6.1NRT,301.97,10.27,D
43.89349,-0.10459,315.57,1.05,1.02,2025-07-18,0956,Terra,MODIS,68,6.1NRT,297.67,9.31,D
47.61792,6.14666,316.38,1.59,1.24,2025-07-18,0956,Terra,MODIS,59,6.1NRT,303.56,16.81,D
47.62204,6.12678,316.85,1.58,1.24,2025-07-18,0956,Terra,MODIS,56,6.1NRT,303.55,17.61,D
44.00524,2.81979,326.92,1.9,1.35,2025-07-18,1331,Aqua,MODIS,79,6.1NRT,303.27,35.06,D
48.60521,6.11996,312.71,1.09,1.04,2025-07-18,1333,Aqua,MODIS,33,6.1NRT,296.15,5.34,D
49.38675,2.59258,321.76,1.41,1.18,2025-07-18,1333,Aqua,MODIS,72,6.1NRT,297.6,20.14,D
50.2685,3.92352,332.57,1.2,1.09,2025-07-18,1333,Aqua,MODIS,85,6.1NRT,306.71,27.65,D
50.26554,3.90762,326.63,1.2,1.09,2025-07-18,1333,Aqua,MODIS,76,6.1NRT,306.69,18.39,D
50.27776,3.91922,322.01,1.2,1.09,2025-07-18,1333,Aqua,MODIS,61,6.1NRT,304.67,12.2,D
50.27481,3.9033,320.8,1.2,1.09,2025-07-18,1333,Aqua,MODIS,40,6.1NRT,305.86,11.24,D
49.47854,0.30762,311.2,1.33,1.14,2025-07-21,1017,Terra,MODIS,33,6.1NRT,290.62,13.37,D
43.4435,4.90474,316.34,1.03,1.01,2025-07-21,1350,Aqua,MODIS,31,6.1NRT,303.78,5.54,D
43.44425,4.89322,316.76,1.11,1.05,2025-07-22,0920,Terra,MODIS,51,6.1NRT,303.59,9.61,D
43.44584,4.87988,317.22,1.11,1.05,2025-07-22,0920,Terra,MODIS,0,6.1NRT,301.5,9.86,D
43.44511,4.90399,306.44,1.02,1.01,2025-07-22,2023,Terra,MODIS,68,6.1NRT,293.91,6.13,N
46.40667,3.41815,304.57,1.03,1.02,2025-07-22,2025,Terra,MODIS,61,6.1NRT,274.87,9.86,N
47.94686,-4.38098,310.97,1.5,1.21,2025-07-24,1036,Terra,MODIS,61,6.1NRT,292.6,13.89,D
51.0307,2.28678,318.34,1.28,1.12,2025-07-25,0340,Aqua,MODIS,97,6.1NRT,286.44,25.83,N
49.23589,6.22364,313.53,1.03,1.01,2025-07-25,0937,Terra,MODIS,62,6.1NRT,298.01,7.79,D
47.62296,6.13292,314,1.06,1.03,2025-07-25,0937,Terra,MODIS,41,6.1NRT,300.42,9.61,D
43.4453,4.89278,315.35,1.09,1.04,2025-07-25,0939,Terra,MODIS,52,6.1NRT,301,6.88,D
43.52081,5.16137,312.85,1.11,1.05,2025-07-25,0939,Terra,MODIS,64,6.1NRT,299.18,5.77,D
43.44626,4.88844,303.06,1.23,1.1,2025-07-25,2044,Terra,MODIS,51,6.1NRT,287.98,7.26,N
43.44783,4.90338,304,1.24,1.1,2025-07-25,2044,Terra,MODIS,42,6.1NRT,290.09,7.56,N
43.02016,2.9615,353.22,1.27,1.12,2025-07-26,1346,Aqua,MODIS,97,6.1NRT,305.92,86.14,D
43.44439,4.90109,322.04,1.07,1.03,2025-07-26,1346,Aqua,MODIS,0,6.1NRT,304.49,12.1,D
43.0106,2.9651,324.69,1.27,1.12,2025-07-26,1346,Aqua,MODIS,82,6.1NRT,300.26,20.5,D
43.01746,2.94685,327.93,1.27,1.12,2025-07-26,1346,Aqua,MODIS,84,6.1NRT,301.25,25.02,D
48.04864,1.35863,320.5,1.2,1.09,2025-07-26,1348,Aqua,MODIS,71,6.1NRT,295.22,16.82,D
47.55982,2.24979,312.39,1.13,1.06,2025-07-26,1348,Aqua,MODIS,65,6.1NRT,295,9.03,D
43.45273,4.89716,304.77,2.86,1.61,2025-07-26,1945,Terra,MODIS,62,6.1NRT,292.16,23.33,N
43.44943,4.90353,304.86,2.86,1.61,2025-07-26,1945,Terra,MODIS,25,6.1NRT,292.26,20.1,N
43.44712,4.89092,303.78,1.44,1.19,2025-07-27,0321,Aqua,MODIS,57,6.1NRT,291.52,9.87,N
51.04517,2.3008,319.67,1.05,1.02,2025-07-28,0956,Terra,MODIS,0,6.1NRT,294.59,12.37,D
44.70073,-0.99001,311.6,1.02,1.01,2025-07-28,0958,Terra,MODIS,53,6.1NRT,296.22,7.13,D
44.70979,-0.75272,312.28,1.03,1.01,2025-07-28,0958,Terra,MODIS,40,6.1NRT,298.8,6.55,D
43.37164,5.0743,319.08,1.8,1.31,2025-07-28,1327,Aqua,MODIS,76,6.1NRT,301.31,26.75,D
43.4422,4.90092,316.81,1.11,1.05,2025-07-30,0939,Terra,MODIS,0,6.1NRT,302.85,8.55,D
43.43382,5.23435,318.05,1.14,1.06,2025-07-30,0939,Terra,MODIS,70,6.1NRT,303.48,8.15,D
43.44822,4.89391,304.86,1.27,1.12,2025-07-30,2044,Terra,MODIS,62,6.1NRT,292.94,7.64,N
43.44963,4.89841,304.02,1.4,1.17,2025-07-31,0241,Aqua,MODIS,47,6.1NRT,290.5,9.18,N
43.45139,4.88157,309.81,1.4,1.17,2025-07-31,0241,Aqua,MODIS,78,6.1NRT,289.56,15.52,N
43.27165,2.35398,337.96,1.46,1.19,2025-07-31,1344,Aqua,MODIS,88,6.1NRT,304.79,53.48,D
43.26826,2.33702,368.07,1.46,1.19,2025-07-31,1344,Aqua,MODIS,100,6.1NRT,307.06,175.54,D
47.39003,1.90055,329,1.25,1.11,2025-07-31,1346,Aqua,MODIS,83,6.1NRT,295.75,33.37,D
48.05173,1.34777,326.55,1.28,1.12,2025-07-31,1346,Aqua,MODIS,82,6.1NRT,300.65,23.15,D
47.55759,2.24349,322.3,1.21,1.09,2025-07-31,1346,Aqua,MODIS,77,6.1NRT,295.15,22.57,D
47.39298,1.91629,377.63,1.25,1.11,2025-07-31,1346,Aqua,MODIS,94,6.1NRT,292.97,195.19,D
51.0478,2.32923,302.64,1.01,1,2025-08-01,0317,Aqua,MODIS,50,6.1NRT,286.69,6.8,N
51.04306,2.29842,310.44,1.01,1,2025-08-01,0317,Aqua,MODIS,70,6.1NRT,287.05,10.56,N
47.54278,4.08608,314.44,1.39,1.17,2025-08-02,0958,Terra,MODIS,75,6.1NRT,287.95,20.19,D
47.82748,3.57759,313.74,1.3,1.13,2025-08-02,0958,Terra,MODIS,56,6.1NRT,293.84,13.13,D
44.70938,-0.75267,310.5,1.04,1.02,2025-08-02,0958,Terra,MODIS,35,6.1NRT,298.85,6.36,D
44.72816,-0.81301,309.21,1.04,1.02,2025-08-02,0958,Terra,MODIS,47,6.1NRT,297.58,5.96,D
47.82692,3.58391,316.3,1.3,1.13,2025-08-02,0958,Terra,MODIS,69,6.1NRT,293.56,16.72,D
42.66515,9.32934,333.14,1.24,1.11,2025-08-02,1325,Aqua,MODIS,85,6.1NRT,306.23,32.08,D
42.66774,9.34363,319.24,1.24,1.11,2025-08-02,1325,Aqua,MODIS,30,6.1NRT,306.63,10.6,D
51.04959,2.32864,302.5,1.44,1.19,2025-08-03,0258,Aqua,MODIS,49,6.1NRT,285.99,11.21,N
43.43573,5.23474,303.93,1.16,1.07,2025-08-04,0939,Terra,MODIS,43,6.1NRT,278.36,4.43,D
45.03773,-0.5016,316.03,1.13,1.06,2025-08-04,0939,Terra,MODIS,56,6.1NRT,302.63,6.71,D
47.91576,3.99554,318.33,3.13,1.68,2025-08-04,1304,Aqua,MODIS,76,6.1NRT,294.74,51.96,D
51.03585,2.28932,311.56,1.6,1.25,2025-08-05,1017,Terra,MODIS,0,6.1NRT,297.1,10.67,D
47.27885,-2.00911,314.94,1.27,1.12,2025-08-05,1019,Terra,MODIS,52,6.1NRT,296.22,13.48,D
44.12456,2.63533,324.81,1.48,1.2,2025-08-05,1342,Aqua,MODIS,75,6.1NRT,303.56,23.59,D
42.79195,2.88814,322.51,1.54,1.22,2025-08-05,1342,Aqua,MODIS,75,6.1NRT,309.06,15.18,D
43.24448,5.79908,322.72,1.12,1.06,2025-08-05,1342,Aqua,MODIS,63,6.1NRT,307.34,13.53,D
44.12021,2.64222,321.23,1.48,1.2,2025-08-05,1342,Aqua,MODIS,68,6.1NRT,303.57,16.69,D
47.35914,2.91209,342.06,1.23,1.1,2025-08-05,1344,Aqua,MODIS,86,6.1NRT,300.85,53.77,D
47.38731,1.90664,357.95,1.35,1.15,2025-08-05,1344,Aqua,MODIS,99,6.1NRT,299.89,118.62,D
47.40044,1.91931,322.19,1.35,1.15,2025-08-05,1344,Aqua,MODIS,76,6.1NRT,299.05,25.35,D
47.39711,1.90243,337.5,1.35,1.15,2025-08-05,1344,Aqua,MODIS,89,6.1NRT,298.02,55.78,D
48.04868,1.36302,313.14,1.38,1.16,2025-08-05,1344,Aqua,MODIS,61,6.1NRT,300.86,8.53,D
48.61004,2.5869,313.46,1.2,1.09,2025-08-05,1344,Aqua,MODIS,63,6.1NRT,301.41,7.54,D
48.61175,2.36245,316.27,1.22,1.1,2025-08-05,1344,Aqua,MODIS,64,6.1NRT,301.47,10.67,D
48.87022,2.78861,312.86,1.17,1.08,2025-08-05,1344,Aqua,MODIS,66,6.1NRT,299.89,10.86,D
47.36201,2.92755,316.49,1.23,1.1,2025-08-05,1344,Aqua,MODIS,63,6.1NRT,300.48,9.44,D
47.39066,1.92352,337.88,1.35,1.15,2025-08-05,1344,Aqua,MODIS,89,6.1NRT,298.55,54.88,D
42.9948,2.78954,325.09,3.64,1.79,2025-08-05,1947,Terra,MODIS,0,6.1NRT,291.28,127.82,N
42.95448,2.7639,309.97,3.66,1.79,2025-08-05,1947,Terra,MODIS,35,6.1NRT,270.61,47.75,N
43.00504,2.82899,312.82,3.62,1.78,2025-08-05,1947,Terra,MODIS,47,6.1NRT,270.64,54.89,N
43.02008,2.82244,366.14,3.62,1.78,2025-08-05,1947,Terra,MODIS,100,6.1NRT,296.44,654.6,N
43.01003,2.78355,333.39,3.64,1.79,2025-08-05,1947,Terra,MODIS,94,6.1NRT,297,200.52,N
43.03534,2.81674,354.67,3.62,1.78,2025-08-05,1947,Terra,MODIS,100,6.1NRT,297.67,457.94,N
43.0251,2.77693,357.39,3.64,1.79,2025-08-05,1947,Terra,MODIS,100,6.1NRT,298.2,500.03,N
43.01451,2.73589,323.75,3.66,1.79,2025-08-05,1947,Terra,MODIS,100,6.1NRT,294.33,127.58,N
43.05013,2.80917,338.59,3.62,1.78,2025-08-05,1947,Terra,MODIS,100,6.1NRT,296.2,252.22,N
43.03988,2.76922,356.7,3.64,1.79,2025-08-05,1947,Terra,MODIS,100,6.1NRT,298.14,488.16,N
43.0293,2.72803,359.39,3.66,1.79,2025-08-05,1947,Terra,MODIS,100,6.1NRT,297.81,540.45,N
43.06495,2.80173,326.49,3.62,1.78,2025-08-05,1947,Terra,MODIS,100,6.1NRT,295.5,144.31,N
43.05452,2.7609,353.32,3.64,1.79,2025-08-05,1947,Terra,MODIS,100,6.1NRT,297.96,432.1,N
43.04386,2.71925,341.8,3.66,1.79,2025-08-05,1947,Terra,MODIS,100,6.1NRT,298.09,288.58,N
43.0254,2.85887,300.24,3.6,1.78,2025-08-05,1947,Terra,MODIS,7,6.1NRT,270.48,10.46,N
43.01454,2.81777,345.71,3.62,1.78,2025-08-05,1947,Terra,MODIS,100,6.1NRT,295.13,336.04,N
43.00434,2.77924,323.69,3.64,1.79,2025-08-05,1947,Terra,MODIS,0,6.1NRT,295.61,126.6,N
43.02979,2.81199,375.77,3.62,1.78,2025-08-05,1947,Terra,MODIS,100,6.1NRT,300.78,870.4,N
43.01937,2.77247,357.06,3.64,1.79,2025-08-05,1947,Terra,MODIS,100,6.1NRT,298.37,498.58,N
43.00856,2.73151,310.78,3.66,1.79,2025-08-05,1947,Terra,MODIS,81,6.1NRT,293.8,55.3,N
43.04463,2.80463,340.83,3.62,1.78,2025-08-05,1947,Terra,MODIS,92,6.1NRT,296.92,277.32,N
43.03427,2.76518,354.97,3.64,1.79,2025-08-05,1947,Terra,MODIS,100,6.1NRT,298.69,462.35,N
43.02341,2.7239,343.05,3.66,1.79,2025-08-05,1947,Terra,MODIS,100,6.1NRT,296.06,307.32,N
43.05952,2.79747,339,3.62,1.78,2025-08-05,1947,Terra,MODIS,100,6.1NRT,296.34,256.13,N
43.04886,2.75674,346.96,3.64,1.79,2025-08-05,1947,Terra,MODIS,100,6.1NRT,297.84,348.44,N
43.03808,2.71562,344.77,3.66,1.79,2025-08-05,1947,Terra,MODIS,100,6.1NRT,297.85,326.88,N
43.07409,2.78908,328.33,3.62,1.78,2025-08-05,1947,Terra,MODIS,100,6.1NRT,295.49,159.79,N
43.06391,2.75004,359.75,3.64,1.79,2025-08-05,1947,Terra,MODIS,100,6.1NRT,297.85,541.04,N
43.05279,2.70743,330.42,3.66,1.79,2025-08-05,1947,Terra,MODIS,100,6.1NRT,298.03,181.36,N
43.04196,2.66605,305.12,3.68,1.8,2025-08-05,1947,Terra,MODIS,63,6.1NRT,294.16,31.28,N
43.07845,2.74135,322.45,3.64,1.79,2025-08-05,1947,Terra,MODIS,100,6.1NRT,295.51,115.21,N
43.06765,2.69982,323.5,3.66,1.79,2025-08-05,1947,Terra,MODIS,100,6.1NRT,296.77,123.23,N
43.05693,2.65873,310.73,3.68,1.8,2025-08-05,1947,Terra,MODIS,81,6.1NRT,294.48,51.07,N
43.0929,2.73232,311.54,3.64,1.79,2025-08-05,1947,Terra,MODIS,83,6.1NRT,294.86,52.46,N
43.08219,2.69101,312.16,3.66,1.79,2025-08-05,1947,Terra,MODIS,84,6.1NRT,294.74,54.95,N
43.10768,2.72456,360.5,3.64,1.79,2025-08-05,1947,Terra,MODIS,100,6.1NRT,297.73,557.83,N
43.09727,2.68424,348.18,3.66,1.79,2025-08-05,1947,Terra,MODIS,100,6.1NRT,296.82,370.57,N
43.08675,2.64358,312.98,3.68,1.8,2025-08-05,1947,Terra,MODIS,86,6.1NRT,294.36,65.52,N
43.11213,2.67663,312.55,3.66,1.79,2025-08-05,1947,Terra,MODIS,85,6.1NRT,294.68,61.01,N
43.10158,2.63567,317.17,3.68,1.8,2025-08-05,1947,Terra,MODIS,95,6.1NRT,294.49,87.67,N
43.08764,2.73045,314.93,3.64,1.79,2025-08-05,1947,Terra,MODIS,90,6.1NRT,295.11,72.63,N
43.07673,2.68932,313.38,3.66,1.79,2025-08-05,1947,Terra,MODIS,87,6.1NRT,295.12,64.91,N
43.10226,2.72211,361.73,3.64,1.79,2025-08-05,1947,Terra,MODIS,100,6.1NRT,298.27,579.85,N
43.09162,2.68184,334.97,3.66,1.79,2025-08-05,1947,Terra,MODIS,100,6.1NRT,295.76,221.13,N
43.11726,2.71516,313.38,3.64,1.79,2025-08-05,1947,Terra,MODIS,87,6.1NRT,294.67,65.87,N
43.10687,2.67573,325.07,3.66,1.79,2025-08-05,1947,Terra,MODIS,100,6.1NRT,295.23,138.74,N
43.09597,2.63442,319.74,3.68,1.8,2025-08-05,1947,Terra,MODIS,99,6.1NRT,294.61,104.91,N
43.47284,3.53492,308.59,3.19,1.69,2025-08-05,1947,Terra,MODIS,75,6.1NRT,295.22,34.99,N
43.03936,2.84355,337.11,3.62,1.78,2025-08-05,2125,Terra,MODIS,98,6.1NRT,286.87,218.2,N
43.03772,2.79735,348.53,3.6,1.78,2025-08-05,2125,Terra,MODIS,100,6.1NRT,289.24,341.64,N
43.10608,2.66004,323.71,3.53,1.77,2025-08-05,2125,Terra,MODIS,78,6.1NRT,287.19,126.28,N
43.10764,2.70416,322.46,3.55,1.77,2025-08-05,2125,Terra,MODIS,56,6.1NRT,288.58,116.67,N
43.07756,2.74704,324.72,3.57,1.77,2025-08-05,2125,Terra,MODIS,74,6.1NRT,282.3,126.39,N
43.0632,2.79143,333.13,3.6,1.78,2025-08-05,2125,Terra,MODIS,85,6.1NRT,284.82,183.17,N
43.0474,2.79209,343.28,3.6,1.78,2025-08-05,2125,Terra,MODIS,100,6.1NRT,289.03,277.71,N
43.04882,2.83825,333.56,3.62,1.78,2025-08-05,2125,Terra,MODIS,98,6.1NRT,283.54,189.54,N
43.06766,2.75183,323.21,3.57,1.77,2025-08-05,2125,Terra,MODIS,24,6.1NRT,283.35,112.81,N
43.05355,2.79729,348.33,3.6,1.78,2025-08-05,2125,Terra,MODIS,100,6.1NRT,287.23,341.24,N
42.98356,2.89593,376.41,3.64,1.79,2025-08-05,2125,Terra,MODIS,100,6.1NRT,299.4,889.52,N
42.982,2.85377,369.76,3.62,1.78,2025-08-05,2125,Terra,MODIS,100,6.1NRT,297.55,731.54,N
42.98039,2.81065,308.43,3.6,1.78,2025-08-05,2125,Terra,MODIS,41,6.1NRT,291.59,41.38,N
42.99947,2.89573,371.78,3.64,1.79,2025-08-05,2125,Terra,MODIS,100,6.1NRT,297.45,777.38,N
42.99783,2.85257,368.87,3.62,1.78,2025-08-05,2125,Terra,MODIS,100,6.1NRT,298.36,705.95,N
43.01537,2.89553,367.57,3.64,1.79,2025-08-05,2125,Terra,MODIS,100,6.1NRT,295.02,682.08,N
43.01369,2.85221,421.51,3.62,1.78,2025-08-05,2125,Terra,MODIS,100,6.1NRT,303.06,2604.62,N
43.01195,2.80797,333.51,3.6,1.78,2025-08-05,2125,Terra,MODIS,100,6.1NRT,292.81,188.25,N
43.01014,2.76259,317.53,3.57,1.77,2025-08-05,2125,Terra,MODIS,76,6.1NRT,288.54,86.3,N
42.97733,2.88914,351.09,3.64,1.79,2025-08-05,2125,Terra,MODIS,100,6.1NRT,296.28,404.39,N
42.97602,2.84748,346.23,3.62,1.78,2025-08-05,2125,Terra,MODIS,100,6.1NRT,294.41,335.97,N
42.99472,2.9355,306.96,3.66,1.79,2025-08-05,2125,Terra,MODIS,32,6.1NRT,292.72,30.55,N
42.9932,2.8881,379.84,3.64,1.79,2025-08-05,2125,Terra,MODIS,100,6.1NRT,300.25,976.13,N
42.99185,2.84617,341.87,3.62,1.78,2025-08-05,2125,Terra,MODIS,100,6.1NRT,295.34,281.5,N
43.00911,2.88817,401.45,3.64,1.79,2025-08-05,2125,Terra,MODIS,100,6.1NRT,299.73,1681.5,N
43.00769,2.84541,415.28,3.62,1.78,2025-08-05,2125,Terra,MODIS,100,6.1NRT,302.89,2280.14,N
43.0062,2.80111,321.49,3.6,1.78,2025-08-05,2125,Terra,MODIS,47,6.1NRT,291.66,99.07,N
43.02352,2.84429,370.19,3.62,1.78,2025-08-05,2125,Terra,MODIS,100,6.1NRT,295.71,726.59,N
43.02195,2.79893,340.37,3.6,1.78,2025-08-05,2125,Terra,MODIS,100,6.1NRT,290.81,250.09,N
51.04626,2.30272,303.65,1.03,1.02,2025-08-06,0315,Aqua,MODIS,56,6.1NRT,287.58,7.7,N
43.10793,2.70653,337.8,1.05,1.02,2025-08-06,0317,Aqua,MODIS,100,6.1NRT,295.41,41.64,N
43.11618,2.6572,332.57,1.05,1.02,2025-08-06,0317,Aqua,MODIS,100,6.1NRT,294.03,34.25,N
43.11414,2.66941,381.69,1.05,1.02,2025-08-06,0317,Aqua,MODIS,100,6.1NRT,300.29,171.1,N
43.11209,2.68164,349.77,1.05,1.02,2025-08-06,0317,Aqua,MODIS,100,6.1NRT,296.61,65.56,N
43.11002,2.69408,339.99,1.05,1.02,2025-08-06,0317,Aqua,MODIS,100,6.1NRT,296.73,45.45,N
43.10738,2.65425,320.09,1.05,1.02,2025-08-06,0317,Aqua,MODIS,100,6.1NRT,293.79,18.56,N
43.10535,2.66642,345.85,1.05,1.02,2025-08-06,0317,Aqua,MODIS,100,6.1NRT,296.07,56.93,N
43.10328,2.67883,334.35,1.05,1.02,2025-08-06,0317,Aqua,MODIS,100,6.1NRT,293.89,36.52,N
43.09289,2.74081,364.92,1.05,1.02,2025-08-06,0317,Aqua,MODIS,100,6.1NRT,295.35,106,N
43.09084,2.75303,310.31,1.05,1.02,2025-08-06,0317,Aqua,MODIS,48,6.1NRT,292.05,8.69,N
43.08665,2.77788,397.14,1.05,1.02,2025-08-06,0317,Aqua,MODIS,100,6.1NRT,299.77,254.09,N
43.08453,2.79052,366.62,1.05,1.03,2025-08-06,0317,Aqua,MODIS,100,6.1NRT,296.74,112.64,N
43.08409,2.73239,307.97,1.05,1.02,2025-08-06,0317,Aqua,MODIS,73,6.1NRT,292.96,8.4,N
43.07796,2.76926,314.83,1.05,1.02,2025-08-06,0317,Aqua,MODIS,90,6.1NRT,292.22,13.63,N
43.07587,2.78188,332.71,1.05,1.03,2025-08-06,0317,Aqua,MODIS,100,6.1NRT,296.03,34.39,N
43.04098,2.82342,347.28,1.06,1.03,2025-08-06,0317,Aqua,MODIS,100,6.1NRT,293.35,59.27,N
43.03886,2.83614,384.54,1.06,1.03,2025-08-06,0317,Aqua,MODIS,100,6.1NRT,300,185.17,N
43.07887,2.78959,325.58,1.24,1.1,2025-08-06,0922,Terra,MODIS,44,6.1NRT,301.98,17.01,D
43.06913,2.78808,430.3,1.24,1.1,2025-08-06,0922,Terra,MODIS,100,6.1NRT,314.05,650.07,D
43.06598,2.81723,320.69,1.23,1.1,2025-08-06,0922,Terra,MODIS,49,6.1NRT,295.83,13.94,D
43.01086,2.75533,326.45,1.24,1.11,2025-08-06,0922,Terra,MODIS,54,6.1NRT,299.89,20.1,D
43.00926,2.77004,371.38,1.24,1.1,2025-08-06,0922,Terra,MODIS,100,6.1NRT,300.75,151.62,D
43.08362,2.74563,330.14,1.24,1.11,2025-08-06,0922,Terra,MODIS,70,6.1NRT,302.09,21.13,D
43.08199,2.76067,336.92,1.24,1.11,2025-08-06,0922,Terra,MODIS,85,6.1NRT,302.21,34.57,D
43.0804,2.7754,348.99,1.24,1.11,2025-08-06,0922,Terra,MODIS,95,6.1NRT,303.12,66.25,D
43.06754,2.80278,349.59,1.23,1.1,2025-08-06,0922,Terra,MODIS,95,6.1NRT,298.83,70.7,D
43.07068,2.77368,440.99,1.24,1.11,2025-08-06,0922,Terra,MODIS,100,6.1NRT,319.46,805.15,D
43.06096,2.77198,384.65,1.24,1.11,2025-08-06,0922,Terra,MODIS,100,6.1NRT,301.32,217.36,D
43.05782,2.80119,326.6,1.23,1.1,2025-08-06,0922,Terra,MODIS,39,6.1NRT,294.7,19.01,D
43.0563,2.8153,327.54,1.23,1.1,2025-08-06,0922,Terra,MODIS,56,6.1NRT,295.64,22.27,D
43.03193,2.83367,368.65,1.23,1.1,2025-08-06,0922,Terra,MODIS,100,6.1NRT,301.05,139.1,D
43.03026,2.84861,328.62,1.23,1.1,2025-08-06,0922,Terra,MODIS,68,6.1NRT,297.28,25.57,D
43.03519,2.71437,367.1,1.24,1.11,2025-08-06,0922,Terra,MODIS,100,6.1NRT,306.06,131.83,D
43.03351,2.72961,374.84,1.24,1.11,2025-08-06,0922,Terra,MODIS,100,6.1NRT,305.13,165.97,D
43.01894,2.77202,326.24,1.24,1.1,2025-08-06,0922,Terra,MODIS,29,6.1NRT,304.79,17.69,D
47.65753,-2.71621,320.25,1,1,2025-08-06,1422,Aqua,MODIS,63,6.1NRT,304.97,9.99,D
43.09791,2.75662,315.15,1.11,1.05,2025-08-06,2027,Terra,MODIS,91,6.1NRT,291.37,14.6,N
43.09574,2.74346,365.93,1.11,1.05,2025-08-06,2027,Terra,MODIS,100,6.1NRT,295.98,119.32,N
43.09356,2.73023,301.39,1.11,1.05,2025-08-06,2027,Terra,MODIS,40,6.1NRT,290.74,3.77,N
43.44509,4.89422,309.06,1,1,2025-08-06,2027,Terra,MODIS,76,6.1NRT,293.68,8.55,N
43.00809,2.77713,304.47,1.11,1.05,2025-08-06,2027,Terra,MODIS,60,6.1NRT,291.07,6.46,N
47.35716,2.92829,326.27,1.28,1.12,2025-08-07,0958,Terra,MODIS,80,6.1NRT,303.85,24.38,D
46.36256,2.58891,318.8,1.3,1.13,2025-08-07,0958,Terra,MODIS,64,6.1NRT,306.21,9.83,D
47.54192,4.09635,315.81,1.43,1.18,2025-08-07,0958,Terra,MODIS,40,6.1NRT,299.88,10.98,D
47.54544,4.07862,322.02,1.42,1.18,2025-08-07,0958,Terra,MODIS,77,6.1NRT,299.63,20.85,D
47.82195,3.58264,316.07,1.34,1.15,2025-08-07,0958,Terra,MODIS,55,6.1NRT,302.93,10.04,D
48.61334,2.59245,315.9,1.18,1.08,2025-08-07,0958,Terra,MODIS,66,6.1NRT,301.76,8.7,D
48.73701,2.78633,312.99,1.19,1.09,2025-08-07,0958,Terra,MODIS,57,6.1NRT,298.56,9.53,D
47.29271,-1.62119,314.71,1,1,2025-08-07,0958,Terra,MODIS,52,6.1NRT,301.22,5.78,D
43.89208,1.41874,315.33,1.29,1.13,2025-08-07,1000,Terra,MODIS,57,6.1NRT,300.69,8.5,D
44.72272,-0.81947,316.73,1.05,1.02,2025-08-07,1000,Terra,MODIS,61,6.1NRT,304.98,8.3,D
48.77377,4.22325,315.79,1.7,1.28,2025-08-07,1323,Aqua,MODIS,62,6.1NRT,302.81,11.68,D
49.04735,7.03751,321.5,1.26,1.11,2025-08-07,1323,Aqua,MODIS,72,6.1NRT,302.59,20.82,D
48.77463,4.22992,317.46,1.7,1.28,2025-08-07,1323,Aqua,MODIS,65,6.1NRT,302.82,13.86,D
47.66394,7.01299,315.05,1.35,1.15,2025-08-07,1323,Aqua,MODIS,67,6.1NRT,301.22,13.08,D
43.44728,4.90859,300.38,1.03,1.01,2025-08-08,0256,Aqua,MODIS,26,6.1NRT,290.37,4.51,N
43.44898,4.8963,306.33,1.03,1.01,2025-08-08,0256,Aqua,MODIS,68,6.1NRT,291.09,8.18,N
44.72533,-0.81626,327.84,1.29,1.13,2025-08-08,1401,Aqua,MODIS,75,6.1NRT,307.71,22.5,D
44.7157,-0.81263,321.34,1.29,1.13,2025-08-08,1401,Aqua,MODIS,59,6.1NRT,307.6,11.8,D
44.90724,-0.52314,329.52,1.24,1.11,2025-08-08,1401,Aqua,MODIS,58,6.1NRT,307.86,19.2,D
47.27659,-2.01113,317.58,1.29,1.13,2025-08-08,1401,Aqua,MODIS,53,6.1NRT,294.39,12.93,D
51.04379,2.32175,305.9,1.27,1.12,2025-08-08,2008,Terra,MODIS,66,6.1NRT,289.07,10.99,N
43.4327,5.23826,321.95,1.19,1.08,2025-08-09,0939,Terra,MODIS,71,6.1NRT,306.67,11.28,D
49.23468,6.22268,315.69,1.07,1.03,2025-08-09,0939,Terra,MODIS,52,6.1NRT,302.15,7.05,D
51.04065,2.29106,316.64,1.06,1.03,2025-08-09,0939,Terra,MODIS,0,6.1NRT,297.28,8.06,D
43.44607,4.89275,308.1,1.34,1.15,2025-08-09,2046,Terra,MODIS,73,6.1NRT,294.96,10.99,N
50.44529,3.00988,313.65,1.85,1.33,2025-08-10,1019,Terra,MODIS,67,6.1NRT,298.96,15.08,D
44.11025,4.88105,323.36,1.26,1.12,2025-08-10,1340,Aqua,MODIS,67,6.1NRT,309.65,9.37,D
43.64429,3.7099,323.6,1.46,1.2,2025-08-10,1340,Aqua,MODIS,59,6.1NRT,309.13,12.28,D
49.34256,2.76042,317.64,1.22,1.1,2025-08-10,1342,Aqua,MODIS,58,6.1NRT,301.15,13.48,D
47.3524,2.91257,319.01,1.32,1.14,2025-08-10,1342,Aqua,MODIS,34,6.1NRT,307.9,8.42,D
51.0448,2.30624,305.32,2.08,1.4,2025-08-10,1949,Terra,MODIS,64,6.1NRT,290.33,20.06,N
47.22641,-1.46093,333.37,1,1,2025-08-11,1418,Aqua,MODIS,71,6.1NRT,306.79,21.08,D
45.30046,-0.05469,321.72,1.28,1.12,2025-08-11,2027,Terra,MODIS,100,6.1NRT,296.87,25.35,N
45.31294,-0.0426,322.16,1.28,1.12,2025-08-11,2027,Terra,MODIS,100,6.1NRT,297.04,25.13,N
45.3033,-0.039,308.38,1.28,1.12,2025-08-11,2027,Terra,MODIS,73,6.1NRT,296.33,8.98,N
45.31012,-0.05821,359.84,1.28,1.12,2025-08-11,2027,Terra,MODIS,100,6.1NRT,302.03,120.34,N
45.30729,-0.07384,323.84,1.28,1.12,2025-08-11,2027,Terra,MODIS,100,6.1NRT,295.76,27.97,N
49.5025,3.65422,304.99,1.01,1,2025-08-11,2029,Terra,MODIS,62,6.1NRT,291.6,6.27,N
51.04224,2.29946,308.04,1,1,2025-08-11,2029,Terra,MODIS,72,6.1NRT,292.08,7.28,N
49.79794,3.98804,314.24,1.29,1.13,2025-08-12,0958,Terra,MODIS,58,6.1NRT,299.81,8.07,D
48.73708,2.79163,313.64,1.22,1.1,2025-08-12,0958,Terra,MODIS,20,6.1NRT,302.53,7.48,D
44.69517,-0.99295,315.98,1.05,1.03,2025-08-12,1000,Terra,MODIS,59,6.1NRT,302.9,8.18,D
44.79782,4.33602,315.1,1.77,1.3,2025-08-12,1000,Terra,MODIS,61,6.1NRT,301.8,17.58,D
45.31464,-0.04833,319.12,1.1,1.05,2025-08-12,1000,Terra,MODIS,61,6.1NRT,303.12,9.66,D
45.3056,-0.05127,318.97,1.1,1.05,2025-08-12,1000,Terra,MODIS,58,6.1NRT,303.84,9.76,D
43.88467,1.42387,319.66,1.32,1.14,2025-08-12,1000,Terra,MODIS,66,6.1NRT,301.8,13.77,D
46.89888,2.93819,324.06,2.48,1.52,2025-08-12,1321,Aqua,MODIS,53,6.1NRT,307.8,37.21,D
47.50537,6.8387,322.44,1.5,1.21,2025-08-12,1321,Aqua,MODIS,40,6.1NRT,306.14,15.03,D
48.10062,7.36654,320.83,1.38,1.16,2025-08-12,1321,Aqua,MODIS,44,6.1NRT,306.53,12.88,D
49.29534,5.02379,304.65,1.22,1.1,2025-08-13,0251,Aqua,MODIS,61,6.1NRT,287.44,10.67,N
43.44629,4.8938,306.14,1.07,1.03,2025-08-13,0253,Aqua,MODIS,67,6.1NRT,293.86,7.28,N
43.4446,4.90662,304.44,1.07,1.03,2025-08-13,0253,Aqua,MODIS,60,6.1NRT,292.95,5.8,N
42.67984,2.84691,336.52,1.08,1.04,2025-08-13,1357,Aqua,MODIS,88,6.1NRT,310.09,26.41,D
46.90781,4.48239,327.76,1.01,1,2025-08-13,1359,Aqua,MODIS,67,6.1NRT,309.76,12.97,D
43.74628,-1.25042,327.02,1.55,1.23,2025-08-13,1359,Aqua,MODIS,78,6.1NRT,285.89,44.29,D
48.89381,7.99963,311.33,1.25,1.11,2025-08-14,0939,Terra,MODIS,33,6.1NRT,299.52,7.96,D
48.09808,7.37485,316.98,1.22,1.1,2025-08-14,0939,Terra,MODIS,53,6.1NRT,301.46,8.53,D
47.95975,5.29989,319.02,1.06,1.03,2025-08-14,0939,Terra,MODIS,65,6.1NRT,303.27,9.56,D
45.64127,5.11949,315.28,1.12,1.05,2025-08-14,0939,Terra,MODIS,68,6.1NRT,302.52,8.06,D
51.04617,2.29554,314.99,1.05,1.02,2025-08-14,0939,Terra,MODIS,0,6.1NRT,298.01,6.28,D
48.89514,8.00598,313.02,1.25,1.11,2025-08-14,0939,Terra,MODIS,45,6.1NRT,298.92,8.75,D
43.44811,4.90088,325.04,1.18,1.08,2025-08-14,0941,Terra,MODIS,53,6.1NRT,307.3,13.9,D
44.72511,-0.81264,312.5,1.11,1.05,2025-08-14,0941,Terra,MODIS,49,6.1NRT,300.56,7.65,D
51.02547,2.2732,301.12,1.3,1.13,2025-08-14,2049,Terra,MODIS,20,6.1NRT,290.34,6.1,N
43.44367,4.89761,304.35,1.88,1.34,2025-08-15,0232,Aqua,MODIS,60,6.1NRT,292.7,13.56,N
43.65031,5.58113,327.43,1.3,1.13,2025-08-15,1338,Aqua,MODIS,77,6.1NRT,306.62,17.91,D
43.64739,5.56575,339.95,1.3,1.13,2025-08-15,1338,Aqua,MODIS,89,6.1NRT,308.33,44.92,D
44.68913,4.93784,318.75,1.33,1.14,2025-08-15,1338,Aqua,MODIS,65,6.1NRT,306.87,9.05,D
45.96207,3.51397,322.23,1.45,1.19,2025-08-15,1340,Aqua,MODIS,31,6.1NRT,306.62,13.8,D
45.96014,3.5421,343.71,1.45,1.19,2025-08-15,1340,Aqua,MODIS,91,6.1NRT,305.23,67.78,D
50.76604,2.47406,320.89,1.26,1.11,2025-08-15,1340,Aqua,MODIS,72,6.1NRT,301.36,15.02,D
50.12432,3.25481,320.67,1.21,1.09,2025-08-15,1340,Aqua,MODIS,69,6.1NRT,306.65,8.97,D
45.95647,3.52353,345.37,1.45,1.19,2025-08-15,1340,Aqua,MODIS,92,6.1NRT,306.49,71.89,D
45.96583,3.53245,339.99,1.45,1.19,2025-08-15,1340,Aqua,MODIS,88,6.1NRT,305.58,55.87,D
45.95582,3.53715,332.81,1.45,1.19,2025-08-15,1340,Aqua,MODIS,82,6.1NRT,304.97,37.28,D
46.01137,1.39178,324.02,1.06,1.03,2025-08-16,0310,Aqua,MODIS,100,6.1NRT,295.25,22.52,N
46.02034,1.39413,334.98,1.06,1.03,2025-08-16,0310,Aqua,MODIS,100,6.1NRT,297.15,37.96,N
46.02209,1.38077,304.67,1.07,1.03,2025-08-16,0310,Aqua,MODIS,61,6.1NRT,294.62,5.39,N
43.44587,4.89886,325.28,1.03,1.01,2025-08-16,0922,Terra,MODIS,62,6.1NRT,309.6,12.26,D
46.01419,1.39038,316.11,1.48,1.2,2025-08-16,0922,Terra,MODIS,61,6.1NRT,299.87,15.18,D
43.1065,2.67088,333.14,1.07,1.03,2025-08-16,1416,Aqua,MODIS,82,6.1NRT,309.22,16.42,D
43.10486,2.65814,325.05,1.07,1.03,2025-08-16,1416,Aqua,MODIS,40,6.1NRT,310.27,5.51,D
43.31828,3.03514,326.26,1.1,1.05,2025-08-16,1416,Aqua,MODIS,68,6.1NRT,310.39,10.93,D
43.548,3.86055,328.64,1.18,1.08,2025-08-16,1416,Aqua,MODIS,70,6.1NRT,312.46,14.08,D
43.69434,2.30016,327.13,1.06,1.03,2025-08-16,1416,Aqua,MODIS,71,6.1NRT,306.49,14.2,D
46.01299,1.38922,327.28,1.05,1.02,2025-08-16,1416,Aqua,MODIS,74,6.1NRT,304.31,19.93,D
46.01128,1.37625,319.85,1.05,1.02,2025-08-16,1416,Aqua,MODIS,55,6.1NRT,302.98,11.08,D
46.25001,2.32193,322.95,1.12,1.05,2025-08-16,1416,Aqua,MODIS,66,6.1NRT,304.47,12.19,D
51.02938,2.28221,300.23,1,1,2025-08-16,2029,Terra,MODIS,4,6.1NRT,284.11,5.41,N
51.04374,2.32054,303.11,1,1,2025-08-16,2029,Terra,MODIS,41,6.1NRT,288,7.63,N
48.61139,2.59724,310.59,1.23,1.1,2025-08-17,1000,Terra,MODIS,29,6.1NRT,296.29,6.08,D
48.18454,2.2397,318.56,1.21,1.1,2025-08-17,1000,Terra,MODIS,71,6.1NRT,300.13,12.63,D
48.17516,2.23591,313.3,1.21,1.1,2025-08-17,1000,Terra,MODIS,47,6.1NRT,299.88,6.39,D
47.78827,1.93591,307.91,1.2,1.09,2025-08-17,1000,Terra,MODIS,25,6.1NRT,294.88,6.73,D
46.81565,3.11948,320.77,1.41,1.17,2025-08-17,1000,Terra,MODIS,73,6.1NRT,302.22,17.77,D
43.89229,1.41403,311.15,1.35,1.15,2025-08-17,1002,Terra,MODIS,56,6.1NRT,298.66,6.53,D
48.50476,7.70735,314.02,1.41,1.18,2025-08-17,1318,Aqua,MODIS,53,6.1NRT,300.37,10.98,D
43.44427,4.90273,326.03,1.01,1,2025-08-18,1355,Aqua,MODIS,0,6.1NRT,307.82,12.29,D
48.80042,0.37029,311.03,1.13,1.06,2025-08-18,1357,Aqua,MODIS,33,6.1NRT,294.3,6.32,D
49.94501,2.22291,315.16,1.01,1.01,2025-08-18,1357,Aqua,MODIS,42,6.1NRT,302.26,4.75,D
51.03554,2.28297,312.12,1.22,1.1,2025-08-18,2010,Terra,MODIS,84,6.1NRT,289.94,15.18,N
51.03252,2.26641,305.16,1.23,1.1,2025-08-18,2010,Terra,MODIS,63,6.1NRT,289.87,8.89,N
50.2546,4.11194,308.04,1.12,1.06,2025-08-19,0328,Aqua,MODIS,73,6.1NRT,283.93,13.32,N
50.25729,4.09703,302.53,1.12,1.06,2025-08-19,0328,Aqua,MODIS,50,6.1NRT,284.01,9.28,N
47.96155,5.30093,313.62,1.07,1.03,2025-08-19,0939,Terra,MODIS,55,6.1NRT,299.94,7.1,D
50.25262,4.0916,314.97,1,1,2025-08-19,0939,Terra,MODIS,69,6.1NRT,297.97,8.13,D
50.25064,4.10511,329.39,1,1,2025-08-19,0939,Terra,MODIS,84,6.1NRT,298.62,23.21,D
48.89351,8.00328,309.3,1.28,1.12,2025-08-19,0939,Terra,MODIS,36,6.1NRT,298.03,7.8,D
50.25017,4.0993,301.52,1.57,1.24,2025-08-19,2049,Terra,MODIS,42,6.1NRT,282.14,12.4,N
51.03533,2.28546,314.29,1.19,1.09,2025-08-21,0306,Aqua,MODIS,89,6.1NRT,287.46,17.79,N
51.05049,2.3238,303.3,1.19,1.09,2025-08-21,0306,Aqua,MODIS,54,6.1NRT,287.58,8.25,N
43.44771,4.90511,306.63,1.03,1.02,2025-08-21,0308,Aqua,MODIS,69,6.1NRT,288.85,8.7,N
51.03401,2.28344,327.08,1.52,1.22,2025-08-21,0920,Terra,MODIS,54,6.1NRT,298.71,33.53,D
51.03058,2.27684,323.91,1.52,1.22,2025-08-21,0920,Terra,MODIS,70,6.1NRT,298.74,30.18,D
51.02873,2.298,311.96,1.51,1.21,2025-08-21,0920,Terra,MODIS,53,6.1NRT,298.51,9.9,D
43.44437,4.89665,315.17,1,1,2025-08-21,2027,Terra,MODIS,91,6.1NRT,291.84,13.11,N
46.80947,3.12077,313.02,1.44,1.19,2025-08-22,1000,Terra,MODIS,70,6.1NRT,283.46,19.26,D
42.68077,2.8485,312.55,1.76,1.3,2025-08-22,1002,Terra,MODIS,55,6.1NRT,298.44,12.57,D
43.44759,4.90319,303.82,1.22,1.1,2025-08-23,0247,Aqua,MODIS,30,6.1NRT,290.88,7.26,N
43.44707,4.90204,312.52,1.57,1.23,2025-08-23,0905,Terra,MODIS,33,6.1NRT,300.72,11.6,D
43.44315,4.89323,324.2,1.04,1.02,2025-08-23,1353,Aqua,MODIS,0,6.1NRT,310.68,13.77,D
42.61188,2.82871,319.01,1.24,1.11,2025-08-23,1353,Aqua,MODIS,74,6.1NRT,307.91,7.06,D
43.35944,2.29627,319.22,1.27,1.12,2025-08-23,1353,Aqua,MODIS,71,6.1NRT,301.55,15.59,D
43.74562,1.84874,314.46,1.31,1.14,2025-08-23,1353,Aqua,MODIS,56,6.1NRT,303.2,6.72,D
44.84106,1.78149,319.74,1.26,1.11,2025-08-23,1355,Aqua,MODIS,72,6.1NRT,300.1,15.37,D
44.84388,1.79663,313.11,1.25,1.11,2025-08-23,1355,Aqua,MODIS,52,6.1NRT,300.03,7.01,D
47.60595,0.20711,310.55,1.29,1.13,2025-08-23,1355,Aqua,MODIS,54,6.1NRT,294.1,7.53,D
43.44569,4.89628,307.64,1.31,1.14,2025-08-23,2008,Terra,MODIS,72,6.1NRT,294.03,10.12,N
49.54776,0.09427,302.19,1.02,1.01,2025-08-24,0325,Aqua,MODIS,47,6.1NRT,284.03,7.61,N
43.45057,4.9009,306.6,1.53,1.22,2025-08-24,0328,Aqua,MODIS,69,6.1NRT,288.8,16.15,N
51.04089,2.29516,314.52,1.03,1.01,2025-08-24,0939,Terra,MODIS,0,6.1NRT,297.82,6.03,D
49.14653,6.72971,303.06,1.16,1.07,2025-08-24,0939,Terra,MODIS,26,6.1NRT,291.99,4.09,D
49.1065,6.84327,310.2,1.17,1.08,2025-08-24,0939,Terra,MODIS,68,6.1NRT,296.5,8.75,D
47.76322,7.52423,304.3,1.31,1.14,2025-08-24,0941,Terra,MODIS,41,6.1NRT,293.21,6.03,D
44.15445,4.73533,311.41,1.18,1.08,2025-08-24,0941,Terra,MODIS,0,6.1NRT,299.11,5.78,D
46.59285,3.56454,310.52,1.03,1.01,2025-08-24,0941,Terra,MODIS,47,6.1NRT,298.49,5.14,D
49.54695,0.09462,310.82,1.12,1.06,2025-08-24,0941,Terra,MODIS,0,6.1NRT,296.26,5.53,D
48.07486,7.31212,310.07,1.27,1.12,2025-08-24,0941,Terra,MODIS,61,6.1NRT,293.89,9,D
47.79344,7.24778,308.23,1.28,1.12,2025-08-24,0941,Terra,MODIS,67,6.1NRT,294.6,9.4,D
45.05861,0.05806,319.64,1.21,1.09,2025-08-24,1431,Aqua,MODIS,64,6.1NRT,308.11,9.74,D
46.72905,1.6295,327.64,1.5,1.21,2025-08-24,1431,Aqua,MODIS,79,6.1NRT,304,33.69,D
46.73372,1.62157,322.22,1.5,1.21,2025-08-24,1431,Aqua,MODIS,72,6.1NRT,302.7,25.07,D
43.44613,4.89099,305.53,1.45,1.19,2025-08-24,2046,Terra,MODIS,65,6.1NRT,292.32,11.97,N
50.4451,3.00462,309.25,2,1.38,2025-08-25,1019,Terra,MODIS,46,6.1NRT,297.12,11.4,D
48.15794,-2.76311,314.63,1.25,1.11,2025-08-25,1019,Terra,MODIS,66,6.1NRT,299.22,11.68,D
49.70358,4.98593,315.79,1.22,1.1,2025-08-25,1333,Aqua,MODIS,53,6.1NRT,299.6,10.94,D
49.66912,5.01859,312.32,1.22,1.1,2025-08-25,1333,Aqua,MODIS,58,6.1NRT,297.81,8.6,D
49.69725,5.00631,319.3,1.22,1.1,2025-08-25,1333,Aqua,MODIS,66,6.1NRT,299.85,15.64,D
49.27337,5.65063,321.74,1.18,1.08,2025-08-25,1333,Aqua,MODIS,76,6.1NRT,301.44,15.97,D
49.27022,5.65716,326.55,1.18,1.08,2025-08-25,1333,Aqua,MODIS,80,6.1NRT,301.63,22.03,D
48.57565,6.95591,318.69,1.1,1.05,2025-08-25,1333,Aqua,MODIS,74,6.1NRT,298.04,15.45,D
43.44509,4.89574,306.63,1.01,1,2025-08-26,0304,Aqua,MODIS,69,6.1NRT,292.81,7.18,N
43.44713,4.89342,315.94,1.01,1.01,2025-08-26,0924,Terra,MODIS,43,6.1NRT,303.09,6.66,D
47.64753,1.28429,323.43,1.01,1,2025-08-26,1412,Aqua,MODIS,77,6.1NRT,292.86,14.65,D
51.04311,2.29019,301.13,1.01,1,2025-08-26,2029,Terra,MODIS,34,6.1NRT,280.1,5.46,N
49.24746,2.52426,308.15,1.24,1.11,2025-08-27,1000,Terra,MODIS,13,6.1NRT,287.85,8.72,D
50.31142,3.36091,308.22,1.27,1.12,2025-08-27,1000,Terra,MODIS,54,6.1NRT,285.92,7.96,D
51.04173,2.30206,308.99,1.13,1.06,2025-08-27,1000,Terra,MODIS,48,6.1NRT,282.39,10.64,D
41.96645,8.79445,326.27,1.03,1.01,2025-08-28,0905,Terra,MODIS,79,6.1NRT,303.87,13.08,D
46.31142,2.54772,300.3,4.68,1.98,2025-08-28,1038,Terra,MODIS,7,6.1NRT,283.59,23.46,D
51.03596,2.28246,303.95,1.18,1.08,2025-08-28,2012,Terra,MODIS,58,6.1NRT,286.4,8.52,N
47.83639,7.28053,315.74,1.31,1.13,2025-08-29,0941,Terra,MODIS,76,6.1NRT,290.37,18.82,D
47.76872,7.52391,307.76,1.34,1.15,2025-08-29,0941,Terra,MODIS,24,6.1NRT,289.66,9,D
47.56168,6.3839,305.31,1.22,1.1,2025-08-29,0941,Terra,MODIS,61,6.1NRT,291.11,7.71,D
47.25934,5.55021,307.71,1.15,1.07,2025-08-29,0941,Terra,MODIS,66,6.1NRT,288.32,9.5,D
43.92327,4.97352,306.12,1.24,1.11,2025-08-29,0941,Terra,MODIS,61,6.1NRT,293.67,6.08,D
48.10202,7.37472,307.61,1.3,1.13,2025-08-29,0941,Terra,MODIS,53,6.1NRT,294.43,7.7,D
43.44488,4.89919,318.13,1.25,1.11,2025-08-29,0941,Terra,MODIS,57,6.1NRT,300.34,15.02,D
48.73837,5.96646,310.08,1.26,1.12,2025-08-30,1329,Aqua,MODIS,41,6.1NRT,296.03,8.82,D
42.67304,9.32131,317.64,1.2,1.09,2025-08-30,1329,Aqua,MODIS,70,6.1NRT,301.68,12.36,D
42.67052,9.30719,316.58,1.2,1.09,2025-08-30,1329,Aqua,MODIS,64,6.1NRT,301.68,11.26,D
43.44493,4.89594,316.6,1.01,1,2025-08-31,0924,Terra,MODIS,42,6.1NRT,301.49,7.8,D
48.12455,-3.80673,306.93,1.31,1.14,2025-08-31,1410,Aqua,MODIS,54,6.1NRT,285.52,11.19,D
48.12355,-3.81158,306.17,1.31,1.14,2025-08-31,1410,Aqua,MODIS,47,6.1NRT,286.65,10.59,D
51.02745,2.27572,306.32,1.15,1.07,2025-09-01,1000,Terra,MODIS,45,6.1NRT,291.64,6.47,D
50.43975,3.07844,303.36,1.25,1.11,2025-09-01,1000,Terra,MODIS,38,6.1NRT,290.34,5.95,D
46.88502,1.71112,304.86,1.3,1.13,2025-09-01,1002,Terra,MODIS,60,6.1NRT,289.17,8.33,D
42.67982,2.81687,314.59,1.49,1.21,2025-09-02,1346,Aqua,MODIS,75,6.1NRT,298.96,12.66,D
48.06605,-0.65225,301.68,1.64,1.26,2025-09-02,1348,Aqua,MODIS,48,6.1NRT,286.35,9.86,D
43.44849,4.89492,304.01,1.25,1.11,2025-09-02,2008,Terra,MODIS,58,6.1NRT,279,11.62,N
43.44598,4.89849,306.8,1.27,1.12,2025-09-03,0319,Aqua,MODIS,69,6.1NRT,287.69,12.95,N
47.80172,7.25254,328.88,1.33,1.14,2025-09-03,0941,Terra,MODIS,75,6.1NRT,292.39,37.87,D
47.79846,7.26946,323.43,1.34,1.15,2025-09-03,0941,Terra,MODIS,78,6.1NRT,290.86,27.92,D
46.73993,5.7407,301.72,1.21,1.1,2025-09-03,0941,Terra,MODIS,35,6.1NRT,291.58,4.11,D
45.75512,5.4694,308.48,1.23,1.1,2025-09-03,0941,Terra,MODIS,57,6.1NRT,295.29,8.37,D
45.53849,4.82364,310.45,1.17,1.08,2025-09-03,0941,Terra,MODIS,69,6.1NRT,293.6,9.25,D
45.5359,4.83833,306.34,1.17,1.08,2025-09-03,0941,Terra,MODIS,59,6.1NRT,293.1,5.55,D
44.39437,5.6065,301.3,1.32,1.14,2025-09-03,0941,Terra,MODIS,26,6.1NRT,290.67,4.68,D
44.38754,5.58703,301.21,1.32,1.14,2025-09-03,0941,Terra,MODIS,30,6.1NRT,290.7,4.45,D
47.86036,7.27732,305.18,1.33,1.14,2025-09-03,0941,Terra,MODIS,57,6.1NRT,292.3,5.89,D
44.05609,5.00257,307.04,1.26,1.12,2025-09-03,0943,Terra,MODIS,57,6.1NRT,294.89,4.66,D
44.15438,4.5053,309.35,1.2,1.09,2025-09-03,0943,Terra,MODIS,64,6.1NRT,295.03,8.43,D
43.75459,5.05646,309.58,1.29,1.13,2025-09-03,0943,Terra,MODIS,60,6.1NRT,295.7,8.17,D
43.58017,4.98421,312.26,1.29,1.13,2025-09-03,0943,Terra,MODIS,54,6.1NRT,298.98,7.91,D
43.45275,5.50344,306.44,1.37,1.16,2025-09-03,0943,Terra,MODIS,26,6.1NRT,294.51,5.22,D
43.55323,2.29583,315.37,1.22,1.1,2025-09-03,1425,Aqua,MODIS,59,6.1NRT,303.27,8.07,D
48.43215,-4.58852,314.11,1.02,1.01,2025-09-03,1427,Aqua,MODIS,74,6.1NRT,290.4,11.89,D
51.04406,2.29366,307.22,1.43,1.18,2025-09-03,2049,Terra,MODIS,71,6.1NRT,287.7,15.14,N
43.45072,4.89817,302.58,1.02,1.01,2025-09-05,0300,Aqua,MODIS,50,6.1NRT,288.86,5.99,N
43.44146,4.89787,313.55,1,1,2025-09-05,0924,Terra,MODIS,0,6.1NRT,299.46,8.06,D
44.72808,-0.10602,304.69,1.53,1.22,2025-09-05,0924,Terra,MODIS,57,6.1NRT,291.53,7.55,D
44.31547,-0.83816,315.04,1.27,1.12,2025-09-05,1405,Aqua,MODIS,71,6.1NRT,296.81,14.05,D
44.69476,-0.98742,310.27,1.27,1.12,2025-09-05,1405,Aqua,MODIS,57,6.1NRT,297.87,9.39,D
44.92954,-0.62415,333.84,1.21,1.1,2025-09-05,1405,Aqua,MODIS,83,6.1NRT,298.46,38.47,D
43.44442,4.89525,314.12,1.02,1.01,2025-09-05,1405,Aqua,MODIS,50,6.1NRT,303.81,6.92,D
51.03725,2.29137,313.36,1.03,1.01,2025-09-05,1408,Aqua,MODIS,48,6.1NRT,299.14,8.56,D
48.9828,1.76659,304.74,1,1,2025-09-05,1408,Aqua,MODIS,20,6.1NRT,291.65,4.05,D
43.44557,4.89525,317.44,1.01,1.01,2025-09-05,2029,Terra,MODIS,95,6.1NRT,291.61,16.25,N
45.90908,0.95517,310.58,1.29,1.13,2025-09-06,1002,Terra,MODIS,66,6.1NRT,296.36,8.89,D
50.44582,3.06433,307.18,1.28,1.12,2025-09-06,1002,Terra,MODIS,65,6.1NRT,288.73,8.79,D
48.98532,1.76337,300.94,1.22,1.1,2025-09-06,1002,Terra,MODIS,32,6.1NRT,281.34,5.93,D
47.33965,2.89476,301.59,1.47,1.2,2025-09-06,1002,Terra,MODIS,42,6.1NRT,290.09,5.21,D
47.28186,1.67754,303.61,1.3,1.13,2025-09-06,1002,Terra,MODIS,55,6.1NRT,292.12,6.31,D
47.26326,1.77565,303.2,1.31,1.14,2025-09-06,1002,Terra,MODIS,54,6.1NRT,291.73,5.39,D
46.97826,1.61847,306.29,1.31,1.14,2025-09-06,1002,Terra,MODIS,60,6.1NRT,293.34,6.81,D
46.97521,1.63479,308.72,1.31,1.14,2025-09-06,1002,Terra,MODIS,65,6.1NRT,293.46,9.13,D
46.88827,1.70617,311.32,1.33,1.14,2025-09-06,1002,Terra,MODIS,70,6.1NRT,293.19,11.74,D
46.40897,1.30426,313.42,1.3,1.13,2025-09-06,1002,Terra,MODIS,72,6.1NRT,298.45,12.53,D
46.20436,1.33312,310.05,1.32,1.14,2025-09-06,1002,Terra,MODIS,66,6.1NRT,297.78,9.03,D
46.10215,1.04102,316.8,1.29,1.13,2025-09-06,1002,Terra,MODIS,75,6.1NRT,296.85,16.18,D
46.0925,1.03725,312.3,1.29,1.13,2025-09-06,1002,Terra,MODIS,69,6.1NRT,295.72,10.59,D
45.84677,1.45204,306.09,1.36,1.15,2025-09-06,1002,Terra,MODIS,58,6.1NRT,295.33,7.13,D
45.90612,0.97099,325.13,1.29,1.13,2025-09-06,1002,Terra,MODIS,82,6.1NRT,295.91,28.38,D
45.81643,1.16993,306.91,1.32,1.14,2025-09-06,1002,Terra,MODIS,59,6.1NRT,296.19,6.13,D
45.81334,1.18643,308.65,1.32,1.14,2025-09-06,1002,Terra,MODIS,63,6.1NRT,296.5,7.76,D
45.94287,0.37065,310.77,1.22,1.1,2025-09-06,1002,Terra,MODIS,66,6.1NRT,296.49,8.93,D
45.54633,1.82606,306.26,1.44,1.19,2025-09-06,1002,Terra,MODIS,59,6.1NRT,295.02,8.79,D
45.85258,0.10462,308.99,1.19,1.09,2025-09-06,1002,Terra,MODIS,62,6.1NRT,297.59,6.94,D
45.74419,0.42994,307.52,1.23,1.1,2025-09-06,1002,Terra,MODIS,59,6.1NRT,296.74,5.62,D
45.67735,0.3356,313.97,1.23,1.1,2025-09-06,1002,Terra,MODIS,71,6.1NRT,295.89,12.16,D
45.54803,0.47493,314.59,1.25,1.11,2025-09-06,1002,Terra,MODIS,69,6.1NRT,295.78,12.38,D
45.53848,0.47142,323.1,1.25,1.11,2025-09-06,1002,Terra,MODIS,81,6.1NRT,295.41,24.55,D
45.39215,0.80953,308.83,1.3,1.13,2025-09-06,1002,Terra,MODIS,61,6.1NRT,296.24,8.16,D
45.38922,0.82522,317.17,1.3,1.13,2025-09-06,1002,Terra,MODIS,75,6.1NRT,295.69,17.93,D
45.38243,0.80595,312.19,1.3,1.13,2025-09-06,1002,Terra,MODIS,53,6.1NRT,296.07,11.03,D
45.37949,0.82166,325.53,1.3,1.13,2025-09-06,1002,Terra,MODIS,83,6.1NRT,295.55,29.73,D
45.15202,1.08513,318.75,1.35,1.15,2025-09-06,1002,Terra,MODIS,77,6.1NRT,292.54,23.73,D
45.21935,0.61561,314.79,1.28,1.12,2025-09-06,1002,Terra,MODIS,47,6.1NRT,293.97,14.32,D
45.21643,0.63125,320.28,1.29,1.13,2025-09-06,1002,Terra,MODIS,73,6.1NRT,293.9,21.26,D
45.20674,0.62783,319.95,1.29,1.13,2025-09-06,1002,Terra,MODIS,64,6.1NRT,293.75,20.36,D
45.21201,0.31198,315.71,1.25,1.11,2025-09-06,1002,Terra,MODIS,74,6.1NRT,296.99,13.87,D
45.05957,0.22886,310.06,1.24,1.11,2025-09-06,1002,Terra,MODIS,65,6.1NRT,296.36,8.7,D
44.83653,0.47897,311.45,1.29,1.13,2025-09-06,1002,Terra,MODIS,66,6.1NRT,298.01,7.86,D
44.80716,-0.68654,317.28,1.16,1.07,2025-09-06,1002,Terra,MODIS,73,6.1NRT,296.95,12.62,D
44.80471,-0.67249,313.52,1.16,1.07,2025-09-06,1002,Terra,MODIS,68,6.1NRT,297.58,8.85,D
44.70213,-0.2067,307.01,1.21,1.09,2025-09-06,1002,Terra,MODIS,46,6.1NRT,296.36,4.71,D
44.69949,-0.19206,309.5,1.21,1.1,2025-09-06,1002,Terra,MODIS,60,6.1NRT,296.05,6.74,D
44.69713,-0.19874,311.96,1.21,1.1,2025-09-06,1002,Terra,MODIS,66,6.1NRT,296.31,8.87,D
44.48046,0.82225,315.4,1.36,1.15,2025-09-06,1002,Terra,MODIS,72,6.1NRT,298.04,15.42,D
43.44337,4.89891,315.03,2.38,1.49,2025-09-06,1002,Terra,MODIS,0,6.1NRT,299.27,31.01,D
44.31981,0.39529,309.11,1.31,1.13,2025-09-06,1002,Terra,MODIS,48,6.1NRT,296.71,6.67,D
44.31297,0.37625,328.61,1.3,1.13,2025-09-06,1004,Terra,MODIS,84,6.1NRT,296.26,33.96,D
43.27113,0.08364,311.07,1.32,1.14,2025-09-06,1004,Terra,MODIS,60,6.1NRT,298.7,6.97,D
43.28846,-0.00973,317.54,1.31,1.14,2025-09-06,1004,Terra,MODIS,74,6.1NRT,298.15,17.63,D
43.56779,-0.28664,326.42,1.26,1.11,2025-09-06,1004,Terra,MODIS,82,6.1NRT,298.23,28.64,D
43.57047,-0.30152,313.46,1.26,1.11,2025-09-06,1004,Terra,MODIS,67,6.1NRT,297.75,11.05,D
44.31087,0.38575,341.77,1.31,1.13,2025-09-06,1004,Terra,MODIS,92,6.1NRT,296.31,62.03,D
44.31371,0.37024,343.01,1.3,1.13,2025-09-06,1004,Terra,MODIS,92,6.1NRT,296.38,65.28,D
44.31008,0.3917,313.9,1.31,1.13,2025-09-06,1004,Terra,MODIS,69,6.1NRT,295.82,11.93,D
48.26686,3.25925,315.02,1.2,1.09,2025-09-07,1344,Aqua,MODIS,55,6.1NRT,299.49,8.55,D
43.7624,7.20062,321.36,1.05,1.02,2025-09-07,1344,Aqua,MODIS,76,6.1NRT,303.36,13.51,D
43.76037,7.18821,314.84,1.05,1.02,2025-09-07,1344,Aqua,MODIS,52,6.1NRT,301.29,7.39,D
44.38598,5.5908,310.27,1.14,1.07,2025-09-07,1344,Aqua,MODIS,65,6.1NRT,296.88,7.67,D
44.38348,5.57675,307.56,1.14,1.07,2025-09-07,1344,Aqua,MODIS,59,6.1NRT,296.53,5.16,D
43.44498,4.89715,302.77,1.23,1.1,2025-09-07,2008,Terra,MODIS,51,6.1NRT,283.73,8.99,N
49.32991,-0.54569,306.15,1.23,1.1,2025-09-08,0317,Aqua,MODIS,67,6.1NRT,284.51,13.45,N
43.85497,4.88033,312.94,1.28,1.12,2025-09-08,0943,Terra,MODIS,37,6.1NRT,291.64,14.5,D
43.69303,4.79615,313.83,1.28,1.12,2025-09-08,0943,Terra,MODIS,72,6.1NRT,295.18,12.08,D
43.70697,5.11777,307.1,1.32,1.14,2025-09-08,0943,Terra,MODIS,62,6.1NRT,289.77,9.19,D
43.46542,4.90049,314.49,1.31,1.13,2025-09-08,0943,Terra,MODIS,68,6.1NRT,295.78,10.04,D
43.57361,4.99286,316.37,1.31,1.14,2025-09-08,0943,Terra,MODIS,74,6.1NRT,295.27,13.95,D
43.6146,4.9972,315,1.31,1.14,2025-09-08,0943,Terra,MODIS,69,6.1NRT,296.36,12.54,D
49.09863,0.55589,306.29,1.14,1.06,2025-09-08,1425,Aqua,MODIS,41,6.1NRT,290.3,5.68,D
49.10043,0.57098,309.26,1.14,1.06,2025-09-08,1425,Aqua,MODIS,60,6.1NRT,289.51,7.45,D
43.44499,4.87689,306.98,1.02,1.01,2025-09-10,2029,Terra,MODIS,70,6.1NRT,289.91,7.56,N
44.02291,5.0931,306.7,2.41,1.5,2025-09-11,1004,Terra,MODIS,61,6.1NRT,292.46,17.73,D
44.01006,5.14787,303.11,2.43,1.5,2025-09-11,1004,Terra,MODIS,45,6.1NRT,291.18,13.12,D
46.14239,6.13942,312.61,3.28,1.71,2025-09-11,1304,Aqua,MODIS,46,6.1NRT,290.41,57.22,D
46.15357,6.18157,317.81,3.26,1.71,2025-09-11,1304,Aqua,MODIS,78,6.1NRT,289.43,78.46,D
46.15207,6.17716,319.91,3.26,1.71,2025-09-11,1304,Aqua,MODIS,72,6.1NRT,289.38,91.01,D
43.63134,5.49328,305.23,1.29,1.13,2025-09-12,1342,Aqua,MODIS,44,6.1NRT,291.2,5.82,D
43.45554,5.50448,327.72,1.3,1.13,2025-09-12,1342,Aqua,MODIS,83,6.1NRT,293.1,32.58,D
43.70554,5.11169,314.3,1.34,1.15,2025-09-12,1342,Aqua,MODIS,72,6.1NRT,294.2,14.02,D
43.70251,5.09579,308.5,1.34,1.15,2025-09-12,1342,Aqua,MODIS,62,6.1NRT,294.04,7.6,D
43.74677,5.05709,312.96,1.34,1.15,2025-09-12,1342,Aqua,MODIS,62,6.1NRT,294.45,12.28,D
43.85865,4.87176,308.36,1.36,1.16,2025-09-12,1342,Aqua,MODIS,65,6.1NRT,288.94,10.99,D
44.38265,5.59269,304.04,1.24,1.1,2025-09-12,1342,Aqua,MODIS,35,6.1NRT,288.07,6.45,D
44.38933,5.57441,303.36,1.24,1.11,2025-09-12,1342,Aqua,MODIS,52,6.1NRT,287.05,6,D
42.63231,2.97268,309.95,3.66,1.79,2025-09-14,1318,Aqua,MODIS,0,6.1NRT,290.02,34.73,D
51.02983,2.28568,304.78,1.36,1.15,2025-09-15,0922,Terra,MODIS,50,6.1NRT,287.23,8.41,D
43.44489,4.89894,313.4,1,1,2025-09-15,0924,Terra,MODIS,51,6.1NRT,300.25,6.74,D
42.28428,9.20125,310.42,1.33,1.14,2025-09-15,0924,Terra,MODIS,34,6.1NRT,298.95,7.47,D
43.87288,6.08109,310.82,1.01,1.01,2025-09-15,0924,Terra,MODIS,60,6.1NRT,298.08,6.37,D
43.44299,4.89548,320.67,1.01,1,2025-09-15,1359,Aqua,MODIS,0,6.1NRT,303.11,11.39,D
45.89454,-0.96195,304.9,1.44,1.19,2025-09-15,1359,Aqua,MODIS,60,6.1NRT,293.46,8,D
43.44361,4.89367,307.29,1.03,1.01,2025-09-15,2029,Terra,MODIS,71,6.1NRT,292.13,7.98,N
51.04544,2.30014,302.9,1.03,1.01,2025-09-15,2032,Terra,MODIS,30,6.1NRT,286.38,6.8,N
51.04723,2.31438,303.22,1.03,1.01,2025-09-15,2032,Terra,MODIS,54,6.1NRT,285.92,7.51,N
51.04051,2.28938,304.42,1.2,1.09,2025-09-16,1002,Terra,MODIS,0,6.1NRT,291.24,5.17,D
49.91735,2.27908,302.89,1.26,1.12,2025-09-16,1002,Terra,MODIS,47,6.1NRT,288.34,7.17,D
49.91425,2.29567,306.5,1.26,1.12,2025-09-16,1002,Terra,MODIS,61,6.1NRT,287.43,10.64,D
43.38109,5.01743,308.96,2.55,1.54,2025-09-16,1004,Terra,MODIS,0,6.1NRT,293.88,24.76,D
43.37555,5.02037,307.3,2.55,1.54,2025-09-16,1004,Terra,MODIS,35,6.1NRT,293.61,17.79,D
45.65057,5.09583,308.8,1.34,1.15,2025-09-17,1340,Aqua,MODIS,52,6.1NRT,293.24,6.84,D
43.84612,5.85083,310.92,1.35,1.15,2025-09-17,1340,Aqua,MODIS,68,6.1NRT,283.89,10.6,D
43.73933,5.04111,304.29,1.49,1.2,2025-09-17,1340,Aqua,MODIS,46,6.1NRT,282.66,8.57,D
45.54968,5.39094,306.01,1.31,1.13,2025-09-17,1340,Aqua,MODIS,60,6.1NRT,291.65,6.37,D
45.54668,5.37509,304.07,1.31,1.14,2025-09-17,1340,Aqua,MODIS,51,6.1NRT,291.72,4.95,D
44.47939,0.19213,311.35,2.61,1.55,2025-09-17,1340,Aqua,MODIS,66,6.1NRT,297.59,22.03,D
45.58041,5.06065,310.96,1.35,1.15,2025-09-17,1340,Aqua,MODIS,65,6.1NRT,293.02,11.37,D
45.59021,5.05666,307.39,1.35,1.15,2025-09-17,1340,Aqua,MODIS,29,6.1NRT,292.78,7.19,D
47.47311,3.5212,308.92,1.44,1.19,2025-09-17,1340,Aqua,MODIS,65,6.1NRT,293.46,10.75,D
48.14694,3.29077,317.72,1.42,1.18,2025-09-17,1340,Aqua,MODIS,62,6.1NRT,292.05,20.81,D
48.14335,3.27292,343.6,1.42,1.18,2025-09-17,1340,Aqua,MODIS,83,6.1NRT,293.74,78.21,D
48.15333,3.26828,320.47,1.42,1.18,2025-09-17,1340,Aqua,MODIS,70,6.1NRT,293.4,24.96,D
47.0531,-1.65102,309.08,2.71,1.58,2025-09-17,1340,Aqua,MODIS,54,6.1NRT,293.67,26.15,D
47.04531,-1.65073,308.97,2.71,1.58,2025-09-17,1340,Aqua,MODIS,62,6.1NRT,294.39,26.9,D
48.26625,3.26348,308.36,1.42,1.18,2025-09-17,1340,Aqua,MODIS,62,6.1NRT,294.64,8.74,D
48.49347,3.76422,335.16,1.33,1.14,2025-09-17,1340,Aqua,MODIS,89,6.1NRT,293.95,51.09,D
48.49011,3.7472,327.99,1.33,1.14,2025-09-17,1340,Aqua,MODIS,85,6.1NRT,293.98,36.76,D
48.49982,3.74282,331.79,1.33,1.14,2025-09-17,1340,Aqua,MODIS,87,6.1NRT,294.33,44.93,D
43.44394,4.89841,313.71,1.18,1.08,2025-09-17,2010,Terra,MODIS,88,6.1NRT,290.55,16.12,N
49.20142,6.89611,315.51,1.28,1.12,2025-09-18,0941,Terra,MODIS,76,6.1NRT,292.4,16.79,D
49.16509,6.69535,311.77,1.26,1.11,2025-09-18,0941,Terra,MODIS,71,6.1NRT,291.87,12.9,D
48.76745,4.85944,305.76,1.11,1.05,2025-09-18,0943,Terra,MODIS,59,6.1NRT,293.26,6.33,D
48.20939,6.41705,305.61,1.28,1.12,2025-09-18,0943,Terra,MODIS,59,6.1NRT,293.06,7.45,D
48.20634,6.43355,317.46,1.28,1.12,2025-09-18,0943,Terra,MODIS,78,6.1NRT,294.14,20.04,D
45.55626,5.37416,310.05,1.3,1.13,2025-09-18,0943,Terra,MODIS,68,6.1NRT,296.36,10.76,D
44.03968,5.54956,305.28,1.43,1.18,2025-09-18,0943,Terra,MODIS,52,6.1NRT,294.23,7.2,D
43.73645,4.26392,312.12,1.26,1.12,2025-09-18,0943,Terra,MODIS,55,6.1NRT,301.38,6.23,D
43.73371,4.27888,315.59,1.26,1.12,2025-09-18,0943,Terra,MODIS,71,6.1NRT,302.23,9.85,D
43.33821,3.15008,313.75,1.16,1.07,2025-09-18,0943,Terra,MODIS,66,6.1NRT,302.4,6.37,D
42.7067,2.79189,316.7,1.14,1.07,2025-09-18,0943,Terra,MODIS,74,6.1NRT,301.89,9.83,D
42.70438,2.80538,317.87,1.15,1.07,2025-09-18,0943,Terra,MODIS,75,6.1NRT,302.06,11.22,D
43.4435,4.90246,314.59,1.21,1.1,2025-09-18,1416,Aqua,MODIS,0,6.1NRT,301,8.86,D
51.03036,2.28171,307.19,1.98,1.37,2025-09-19,1021,Terra,MODIS,44,6.1NRT,295.55,11.93,D
42.24745,9.3841,306.13,1.82,1.32,2025-09-19,1316,Aqua,MODIS,46,6.1NRT,276.34,15.83,D
42.24372,9.38072,305.19,1.82,1.32,2025-09-19,1316,Aqua,MODIS,37,6.1NRT,277.55,13.53,D
48.20798,6.42593,316.17,1.8,1.31,2025-09-19,1318,Aqua,MODIS,72,6.1NRT,299.46,25.77,D
44.22735,-0.43325,375.61,2.1,1.41,2025-09-19,1454,Aqua,MODIS,100,6.1NRT,304.96,378.3,D
44.23237,-0.41582,372.52,2.11,1.41,2025-09-19,1454,Aqua,MODIS,100,6.1NRT,303.52,347,D
44.2305,-0.44155,356.65,2.1,1.41,2025-09-19,1454,Aqua,MODIS,98,6.1NRT,303.72,205.54,D
44.24479,-0.41754,376.32,2.11,1.41,2025-09-19,1454,Aqua,MODIS,100,6.1NRT,301.71,389.51,D
44.24291,-0.44325,344.78,2.1,1.41,2025-09-19,1454,Aqua,MODIS,93,6.1NRT,301.37,130.21,D
51.03899,2.28912,302.1,1.73,1.29,2025-09-19,1953,Terra,MODIS,47,6.1NRT,289.65,12.23,N
43.4503,4.90329,304.68,1.21,1.1,2025-09-20,0251,Aqua,MODIS,61,6.1NRT,288.76,9.78,N
43.9744,6.94719,318.9,1.06,1.03,2025-09-20,0924,Terra,MODIS,77,6.1NRT,293.7,14.48,D
43.97234,6.96003,306.96,1.06,1.03,2025-09-20,0924,Terra,MODIS,52,6.1NRT,295.06,4.41,D
43.72909,5.84264,310.54,1.01,1.01,2025-09-20,0924,Terra,MODIS,61,6.1NRT,296.79,5.74,D
42.23838,9.24012,318.53,1.09,1.04,2025-09-20,1355,Aqua,MODIS,73,6.1NRT,301.74,11.3,D
42.23674,9.22725,328.41,1.09,1.04,2025-09-20,1355,Aqua,MODIS,83,6.1NRT,303.35,23.14,D
42.28461,9.32661,315.7,1.1,1.04,2025-09-20,1355,Aqua,MODIS,68,6.1NRT,295.88,11.74,D
42.28302,9.31382,319.7,1.1,1.04,2025-09-20,1355,Aqua,MODIS,74,6.1NRT,297.34,15.81,D
42.29501,9.26019,314.73,1.09,1.04,2025-09-20,1355,Aqua,MODIS,67,6.1NRT,301.67,7.98,D
43.97134,6.94397,314.57,1.01,1,2025-09-20,1357,Aqua,MODIS,57,6.1NRT,297.57,7.24,D
44.18262,4.47937,310.06,1.04,1.02,2025-09-20,1357,Aqua,MODIS,65,6.1NRT,296.16,6.42,D
51.04246,2.29871,304.64,1.02,1.01,2025-09-20,1359,Aqua,MODIS,34,6.1NRT,282.79,4.13,D
43.44396,4.90055,310.38,1.04,1.02,2025-09-20,2029,Terra,MODIS,80,6.1NRT,292.7,9.57,N
51.03286,2.28332,300.29,1.04,1.02,2025-09-20,2032,Terra,MODIS,24,6.1NRT,287.04,5.16,N
51.04351,2.29484,317.99,1.04,1.02,2025-09-20,2032,Terra,MODIS,96,6.1NRT,287.95,17.55,N
47.35822,0.65496,304.56,1.24,1.11,2025-09-21,1004,Terra,MODIS,59,6.1NRT,289.58,7.25,D
46.91111,0.58327,303.09,1.26,1.11,2025-09-21,1004,Terra,MODIS,55,6.1NRT,289.3,6.61,D
46.90826,0.59888,305.07,1.26,1.12,2025-09-21,1004,Terra,MODIS,61,6.1NRT,289.18,8.24,D
45.90305,-0.47084,306.96,1.19,1.09,2025-09-21,1004,Terra,MODIS,65,6.1NRT,288.4,8.43,D
45.9004,-0.45606,308.73,1.19,1.09,2025-09-21,1004,Terra,MODIS,68,6.1NRT,288.59,10.03,D
43.44013,4.90369,304.46,1.35,1.15,2025-09-22,0905,Terra,MODIS,0,6.1NRT,292.38,6.07,D
43.45025,4.89437,318.7,1.01,1,2025-09-23,0308,Aqua,MODIS,97,6.1NRT,284.58,19.34,N
43.44838,4.90632,317.2,1.01,1,2025-09-23,0308,Aqua,MODIS,95,6.1NRT,284.78,17.94,N
43.97887,4.27005,307.67,1.27,1.12,2025-09-23,0943,Terra,MODIS,66,6.1NRT,290.79,10.61,D
43.62483,4.77752,302.17,1.36,1.16,2025-09-23,0943,Terra,MODIS,51,6.1NRT,291.9,5.63,D
43.44414,4.89787,311.35,1.39,1.17,2025-09-23,0943,Terra,MODIS,0,6.1NRT,292.77,14.88,D
42.70124,2.80381,302.17,1.16,1.07,2025-09-23,0945,Terra,MODIS,51,6.1NRT,290.53,4.12,D
42.66942,2.73047,301.08,1.16,1.07,2025-09-23,0945,Terra,MODIS,44,6.1NRT,290.26,3.93,D
42.71035,2.86454,303.55,1.17,1.08,2025-09-23,0945,Terra,MODIS,56,6.1NRT,291.06,4.48,D
43.34385,3.1552,301.64,1.17,1.08,2025-09-23,0945,Terra,MODIS,48,6.1NRT,289.88,4.5,D
42.70796,2.8783,313.27,1.17,1.08,2025-09-23,0945,Terra,MODIS,73,6.1NRT,291.25,12.67,D
51.03887,2.30284,304.83,1.12,1.05,2025-09-23,1414,Aqua,MODIS,43,6.1NRT,290.15,6.28,D
51.03703,2.28743,302.18,1.12,1.05,2025-09-23,1414,Aqua,MODIS,11,6.1NRT,290.41,4.42,D
43.44754,4.8988,307.11,1,1,2025-09-25,0924,Terra,MODIS,56,6.1NRT,292.47,6.35,D
43.68148,4.35564,318.34,1,1,2025-09-25,0924,Terra,MODIS,78,6.1NRT,292.04,15.07,D
43.44347,4.89714,306.98,1.05,1.02,2025-09-25,2029,Terra,MODIS,70,6.1NRT,284.92,10.27,N
45.90043,-0.46324,312.83,1.21,1.09,2025-09-26,1004,Terra,MODIS,53,6.1NRT,286.21,15.35,D
43.93467,-1.01119,304.37,1.24,1.11,2025-09-26,1004,Terra,MODIS,57,6.1NRT,287.58,8.51,D
43.64362,-1.02464,304.96,1.26,1.11,2025-09-26,1004,Terra,MODIS,60,6.1NRT,289.7,8.52,D
51.028,2.28561,313.83,2.23,1.45,2025-09-27,0905,Terra,MODIS,64,6.1NRT,288.25,36.98,D
51.0289,2.2797,312.57,2.23,1.45,2025-09-27,0905,Terra,MODIS,63,6.1NRT,288.34,37.27,D
43.44785,4.90228,304.6,1.32,1.14,2025-09-27,0907,Terra,MODIS,45,6.1NRT,291.41,7.24,D
48.75611,4.83922,317.19,1.42,1.18,2025-09-27,1333,Aqua,MODIS,73,6.1NRT,287.86,25.8,D
49.45634,5.38672,310.05,1.3,1.13,2025-09-27,1333,Aqua,MODIS,41,6.1NRT,287.64,13.63,D
51.04293,2.29698,305.65,1.09,1.04,2025-09-27,2014,Terra,MODIS,65,6.1NRT,284.89,10.59,N
51.03609,2.24665,308.56,1.41,1.17,2025-09-28,0304,Aqua,MODIS,75,6.1NRT,281.35,20.01,N
51.0463,2.30391,304.68,1,1,2025-09-28,0943,Terra,MODIS,0,6.1NRT,288.16,4.74,D
48.0439,-2.32802,302.05,1.16,1.07,2025-09-28,0943,Terra,MODIS,50,6.1NRT,281.51,7.23,D
45.62971,4.75592,305.94,1.27,1.12,2025-09-28,0943,Terra,MODIS,62,6.1NRT,288.26,9.58,D
45.35257,4.78475,304.91,1.29,1.13,2025-09-28,0943,Terra,MODIS,57,6.1NRT,283.59,9.79,D
45.34966,4.80035,300.06,1.29,1.13,2025-09-28,0943,Terra,MODIS,22,6.1NRT,285.48,6.25,D
47.17305,-1.37153,311.83,1.12,1.05,2025-09-28,1412,Aqua,MODIS,72,6.1NRT,292.14,10.37,D
47.17057,-1.38556,312.24,1.12,1.05,2025-09-28,1412,Aqua,MODIS,72,6.1NRT,292.53,10.86,D
51.03097,2.28736,300.62,2.06,1.4,2025-09-29,1021,Terra,MODIS,30,6.1NRT,288.01,10.74,D
44.23149,-0.41726,303.8,1.65,1.26,2025-09-29,1448,Aqua,MODIS,45,6.1NRT,292.16,7.58,D
43.4502,4.89085,307.5,1.49,1.21,2025-09-30,0245,Aqua,MODIS,72,6.1NRT,284.77,18.69,N
44.34027,5.01756,302.33,1,1,2025-09-30,0924,Terra,MODIS,52,6.1NRT,288.22,5.15,D
43.84727,5.94683,302.53,1.03,1.01,2025-09-30,0924,Terra,MODIS,50,6.1NRT,290.35,4.51,D
42.56379,2.83923,307.99,1.53,1.22,2025-09-30,1348,Aqua,MODIS,66,6.1NRT,297.96,7.99,D
43.67006,3.1788,309.8,1.39,1.17,2025-09-30,1350,Aqua,MODIS,69,6.1NRT,293.62,13.69,D
44.40945,4.68971,304.19,1.16,1.07,2025-09-30,1350,Aqua,MODIS,58,6.1NRT,291.75,5.59,D
45.30907,1.59167,307.13,1.53,1.22,2025-09-30,1350,Aqua,MODIS,61,6.1NRT,288.36,14.07,D
46.80495,1.76415,341.61,1.38,1.16,2025-09-30,1350,Aqua,MODIS,92,6.1NRT,292.32,71.57,D
47.27572,0.86006,304.54,1.48,1.2,2025-09-30,1353,Aqua,MODIS,47,6.1NRT,290.63,8.98,D
48.73975,0.57284,304.04,1.41,1.17,2025-09-30,1353,Aqua,MODIS,58,6.1NRT,292.01,7.43,D
48.64246,2.19007,300.25,1.22,1.1,2025-09-30,1353,Aqua,MODIS,29,6.1NRT,288.67,3.77,D
48.16978,1.6367,303.75,1.31,1.13,2025-09-30,1353,Aqua,MODIS,57,6.1NRT,292.8,6.01,D
